timestamp,value
2022-07-30 18:43:42,728248
2022-07-30 18:43:46,728248
2022-07-30 18:43:48,728248
2022-07-30 18:43:55,728248
2022-07-30 18:44:00,728248
2022-07-30 18:44:03,728248
2022-07-30 18:44:08,728248
2022-07-30 18:44:10,728248
2022-07-30 18:44:13,728248
2022-07-30 18:44:18,728248
2022-07-30 18:44:22,728248
2022-07-30 18:44:25,728248
2022-07-30 18:44:27,728248
2022-07-30 18:44:31,728248
2022-07-30 18:44:34,728248
2022-07-30 18:44:44,728250
2022-07-30 18:44:47,728250
2022-07-30 18:45:05,728251
2022-07-30 18:45:07,728251
2022-07-30 18:45:12,728251
2022-07-30 18:45:14,728251
2022-07-30 18:45:17,728251
2022-07-30 18:45:20,728251
2022-07-30 18:45:26,728251
2022-07-30 18:45:29,728251
2022-07-30 18:45:32,728251
2022-07-30 18:45:35,728251
2022-07-30 18:45:41,728251
2022-07-30 18:45:44,728251
2022-07-30 18:45:50,728251
2022-07-30 18:45:54,728251
2022-07-30 18:45:57,728251
2022-07-30 18:46:00,728251
2022-07-30 18:46:09,728252
2022-07-30 18:46:12,728252
2022-07-30 18:46:18,728252
2022-07-30 18:46:20,728252
2022-07-30 18:46:22,728253
2022-07-30 18:46:27,728253
2022-07-30 18:46:31,728254
2022-07-30 18:46:42,728255
2022-07-30 18:46:45,728255
2022-07-30 18:46:48,728255
2022-07-30 18:46:55,728255
2022-07-30 18:47:03,728256
2022-07-30 18:47:06,728256
2022-07-30 18:47:10,728256
2022-07-30 18:47:12,728256
2022-07-30 18:47:16,728256
2022-07-30 18:47:19,728256
2022-07-30 18:47:25,728258
2022-07-30 18:47:29,728259
2022-07-30 18:47:33,728260
2022-07-30 18:47:37,728260
2022-07-30 18:47:41,728260
2022-07-30 18:47:51,728260
2022-07-30 18:47:56,728260
2022-07-30 18:47:59,728260
2022-07-30 18:48:03,728260
2022-07-30 18:48:07,728260
2022-07-30 18:48:09,728260
2022-07-30 18:48:12,728260
2022-07-30 18:48:14,728260
2022-07-30 18:48:20,728260
2022-07-30 18:48:25,728260
2022-07-30 18:48:28,728260
2022-07-30 18:48:30,728260
2022-07-30 18:48:34,728260
2022-07-30 18:48:37,728260
2022-07-30 18:48:43,728260
2022-07-30 18:48:48,728260
2022-07-30 18:48:52,728260
2022-07-30 18:48:55,728260
2022-07-30 18:48:58,728260
2022-07-30 18:49:00,728261
2022-07-30 18:49:03,728261
2022-07-30 18:49:09,728261
2022-07-30 18:49:12,728261
2022-07-30 18:49:14,728261
2022-07-30 18:49:17,728261
2022-07-30 18:49:21,728261
2022-07-30 18:49:24,728261
2022-07-30 18:49:27,728262
2022-07-30 18:49:29,728262
2022-07-30 18:49:36,728262
2022-07-30 18:49:38,728262
2022-07-30 18:49:42,728262
2022-07-30 18:49:45,728262
2022-07-30 18:49:48,728262
2022-07-30 18:49:51,728262
2022-07-30 18:49:53,728263
2022-07-30 18:49:56,728263
2022-07-30 18:49:59,728263
2022-07-30 18:50:06,728263
2022-07-30 18:50:10,728264
2022-07-30 18:50:13,728264
2022-07-30 18:50:17,728264
2022-07-30 18:50:19,728264
2022-07-30 18:50:22,728264
2022-07-30 18:50:24,728264
2022-07-30 18:50:27,728263
2022-07-30 18:50:29,728263
2022-07-30 18:50:31,728263
2022-07-30 18:50:34,728263
2022-07-30 18:50:36,728263
2022-07-30 18:50:42,728264
2022-07-30 18:50:45,728264
2022-07-30 18:50:48,728264
2022-07-30 18:50:50,728264
2022-07-30 18:50:52,728264
2022-07-30 18:50:55,728264
2022-07-30 18:50:59,728264
2022-07-30 18:51:03,728264
2022-07-30 18:51:06,728264
2022-07-30 18:51:10,728264
2022-07-30 18:51:15,728265
2022-07-30 18:51:18,728265
2022-07-30 18:51:24,728264
2022-07-30 18:51:27,728264
2022-07-30 18:51:31,728264
2022-07-30 18:51:33,728265
2022-07-30 18:51:36,728265
2022-07-30 18:51:50,728265
2022-07-30 18:51:53,728265
2022-07-30 18:52:04,728265
2022-07-30 18:52:07,728265
2022-07-30 18:52:14,728265
2022-07-30 18:52:16,728265
2022-07-30 18:52:30,728265
2022-07-30 18:52:33,728265
2022-07-30 18:52:37,728265
2022-07-30 18:52:42,728265
2022-07-30 18:52:45,728265
2022-07-30 18:52:52,728265
2022-07-30 18:52:56,728265
2022-07-30 18:52:57,728265
2022-07-30 18:53:00,728266
2022-07-30 18:53:02,728266
2022-07-30 18:53:06,728266
2022-07-30 18:53:09,728266
2022-07-30 18:53:12,728266
2022-07-30 18:53:18,728266
2022-07-30 18:53:24,728266
2022-07-30 18:53:26,728266
2022-07-30 18:53:29,728267
2022-07-30 18:53:31,728267
2022-07-30 18:53:34,728267
2022-07-30 18:53:37,728267
2022-07-30 18:53:40,728267
2022-07-30 18:53:42,728267
2022-07-30 18:53:46,728267
2022-07-30 18:53:50,728267
2022-07-30 18:53:53,728268
2022-07-30 18:53:59,728268
2022-07-30 18:54:01,728268
2022-07-30 18:54:05,728268
2022-07-30 18:54:11,728268
2022-07-30 18:54:14,728269
2022-07-30 18:54:19,728269
2022-07-30 18:54:27,728268
2022-07-30 18:54:31,728268
2022-07-30 18:54:34,728268
2022-07-30 18:54:38,728268
2022-07-30 18:54:46,728268
2022-07-30 18:54:50,728268
2022-07-30 18:54:54,728268
2022-07-30 18:54:57,728268
2022-07-30 18:55:01,728268
2022-07-30 18:55:04,728268
2022-07-30 18:55:06,728268
2022-07-30 18:55:08,728268
2022-07-30 18:55:11,728268
2022-07-30 18:55:15,728268
2022-07-30 18:55:18,728268
2022-07-30 18:55:21,728268
2022-07-30 18:55:26,728268
2022-07-30 18:55:29,728268
2022-07-30 18:55:32,728268
2022-07-30 18:55:35,728268
2022-07-30 18:55:38,728268
2022-07-30 18:55:44,728268
2022-07-30 18:55:47,728268
2022-07-30 18:55:50,728268
2022-07-30 18:55:52,728269
2022-07-30 18:55:56,728269
2022-07-30 18:55:58,728269
2022-07-30 18:56:00,728269
2022-07-30 18:56:03,728269
2022-07-30 18:56:05,728269
2022-07-30 18:56:12,728269
2022-07-30 18:56:16,728269
2022-07-30 18:56:24,728270
2022-07-30 18:56:27,728270
2022-07-30 18:56:30,728270
2022-07-30 18:56:32,728270
2022-07-30 18:56:38,728270
2022-07-30 18:56:41,728270
2022-07-30 18:56:44,728270
2022-07-30 18:56:46,728270
2022-07-30 18:56:48,728270
2022-07-30 18:56:50,728270
2022-07-30 18:56:56,728270
2022-07-30 18:56:58,728270
2022-07-30 18:57:01,728270
2022-07-30 18:57:06,728270
2022-07-30 18:57:09,728270
2022-07-30 18:57:13,728270
2022-07-30 18:57:16,728270
2022-07-30 18:57:24,728270
2022-07-30 18:57:27,728270
2022-07-30 18:57:33,728270
2022-07-30 18:57:36,728270
2022-07-30 18:57:37,728270
2022-07-30 18:57:39,728270
2022-07-30 18:57:42,728270
2022-07-30 18:57:47,728270
2022-07-30 18:57:53,728270
2022-07-30 18:58:00,728270
2022-07-30 18:58:04,728270
2022-07-30 18:58:12,728270
2022-07-30 18:58:19,728270
2022-07-30 18:58:24,728270
2022-07-30 18:58:27,728272
2022-07-30 18:58:39,728272
2022-07-30 18:58:44,728272
2022-07-30 18:58:48,728273
2022-07-30 18:58:51,728273
2022-07-30 18:58:59,728273
2022-07-30 18:59:08,728273
2022-07-30 18:59:14,728273
2022-07-30 18:59:17,728273
2022-07-30 18:59:21,728274
2022-07-30 18:59:25,728274
2022-07-30 18:59:31,728274
2022-07-30 18:59:43,728274
2022-07-30 18:59:45,728274
2022-07-30 18:59:48,728274
2022-07-30 19:00:01,728274
2022-07-30 19:00:03,728274
2022-07-30 19:00:16,728274
2022-07-30 19:00:29,728274
2022-07-30 19:00:32,728274
2022-07-30 19:00:38,728274
2022-07-30 19:00:42,728274
2022-07-30 19:00:44,728275
2022-07-30 19:00:54,728275
2022-07-30 19:00:58,728275
2022-07-30 19:01:00,728275
2022-07-30 19:01:04,728275
2022-07-30 19:01:09,728275
2022-07-30 19:01:11,728275
2022-07-30 19:01:14,728275
2022-07-30 19:01:22,728275
2022-07-30 19:01:25,728275
2022-07-30 19:01:27,728275
2022-07-30 19:01:32,728276
2022-07-30 19:01:38,728276
2022-07-30 19:01:40,728276
2022-07-30 19:01:47,728276
2022-07-30 19:01:50,728276
2022-07-30 19:01:54,728276
2022-07-30 19:02:01,728276
2022-07-30 19:02:06,728277
2022-07-30 19:02:09,728277
2022-07-30 19:02:20,728278
2022-07-30 19:02:24,728280
2022-07-30 19:02:33,728281
2022-07-30 19:02:36,728281
2022-07-30 19:02:46,728281
2022-07-30 19:02:51,728281
2022-07-30 19:02:55,728280
2022-07-30 19:03:01,728280
2022-07-30 19:03:05,728280
2022-07-30 19:03:08,728280
2022-07-30 19:03:12,728280
2022-07-30 19:03:18,728280
2022-07-30 19:03:31,728280
2022-07-30 19:03:35,728280
2022-07-30 19:03:39,728280
2022-07-30 19:03:43,728280
2022-07-30 19:03:45,728280
2022-07-30 19:03:51,728280
2022-07-30 19:03:57,728279
2022-07-30 19:04:01,728279
2022-07-30 19:04:04,728279
2022-07-30 19:04:07,728279
2022-07-30 19:04:11,728279
2022-07-30 19:04:16,728279
2022-07-30 19:04:21,728280
2022-07-30 19:04:24,728280
2022-07-30 19:04:27,728280
2022-07-30 19:04:30,728280
2022-07-30 19:04:33,728280
2022-07-30 19:04:35,728280
2022-07-30 19:04:38,728280
2022-07-30 19:04:42,728280
2022-07-30 19:04:45,728280
2022-07-30 19:04:48,728280
2022-07-30 19:04:55,728280
2022-07-30 19:05:03,728281
2022-07-30 19:05:14,728281
2022-07-30 19:05:28,728281
2022-07-30 19:05:30,728281
2022-07-30 19:05:33,728281
2022-07-30 19:05:43,728281
2022-07-30 19:05:46,728281
2022-07-30 19:05:52,728281
2022-07-30 19:06:01,728281
2022-07-30 19:06:05,728281
2022-07-30 19:06:12,728281
2022-07-30 19:06:16,728281
2022-07-30 19:06:18,728281
2022-07-30 19:06:21,728281
2022-07-30 19:06:25,728281
2022-07-30 19:06:29,728281
2022-07-30 19:06:32,728281
2022-07-30 19:06:38,728281
2022-07-30 19:06:44,728281
2022-07-30 19:06:48,728281
2022-07-30 19:06:51,728281
2022-07-30 19:06:58,728281
2022-07-30 19:07:02,728281
2022-07-30 19:07:06,728281
2022-07-30 19:07:09,728281
2022-07-30 19:07:15,728281
2022-07-30 19:07:19,728281
2022-07-30 19:07:24,728283
2022-07-30 19:07:30,728283
2022-07-30 19:07:33,728283
2022-07-30 19:07:36,728283
2022-07-30 19:07:39,728283
2022-07-30 19:07:42,728283
2022-07-30 19:07:46,728283
2022-07-30 19:07:49,728283
2022-07-30 19:07:52,728284
2022-07-30 19:07:54,728284
2022-07-30 19:07:57,728284
2022-07-30 19:08:01,728284
2022-07-30 19:08:03,728284
2022-07-30 19:08:05,728284
2022-07-30 19:08:08,728284
2022-07-30 19:08:11,728284
2022-07-30 19:08:14,728284
2022-07-30 19:08:17,728284
2022-07-30 19:08:21,728284
2022-07-30 19:08:25,728285
2022-07-30 19:08:28,728285
2022-07-30 19:08:32,728285
2022-07-30 19:08:34,728285
2022-07-30 19:08:37,728285
2022-07-30 19:08:39,728285
2022-07-30 19:08:42,728285
2022-07-30 19:08:46,728285
2022-07-30 19:08:49,728285
2022-07-30 19:08:54,728286
2022-07-30 19:08:57,728286
2022-07-30 19:09:01,728286
2022-07-30 19:09:04,728287
2022-07-30 19:09:11,728287
2022-07-30 19:09:15,728287
2022-07-30 19:09:19,728287
2022-07-30 19:09:21,728287
2022-07-30 19:09:24,728288
2022-07-30 19:09:28,728288
2022-07-30 19:09:30,728288
2022-07-30 19:09:33,728289
2022-07-30 19:09:36,728289
2022-07-30 19:09:39,728290
2022-07-30 19:09:41,728290
2022-07-30 19:09:44,728290
2022-07-30 19:09:47,728290
2022-07-30 19:09:50,728290
2022-07-30 19:09:53,728290
2022-07-30 19:09:57,728290
2022-07-30 19:10:00,728290
2022-07-30 19:10:02,728290
2022-07-30 19:10:05,728290
2022-07-30 19:10:08,728291
2022-07-30 19:10:10,728291
2022-07-30 19:10:14,728291
2022-07-30 19:10:17,728292
2022-07-30 19:10:27,728292
2022-07-30 19:10:31,728292
2022-07-30 19:10:38,728292
2022-07-30 19:10:43,728292
2022-07-30 19:10:47,728293
2022-07-30 19:10:50,728293
2022-07-30 19:10:54,728293
2022-07-30 19:10:58,728293
2022-07-30 19:11:02,728293
2022-07-30 19:11:06,728293
2022-07-30 19:11:09,728294
2022-07-30 19:11:12,728294
2022-07-30 19:11:15,728295
2022-07-30 19:11:24,728295
2022-07-30 19:11:30,728295
2022-07-30 19:11:33,728295
2022-07-30 19:11:36,728295
2022-07-30 19:11:40,728295
2022-07-30 19:11:47,728295
2022-07-30 19:11:50,728295
2022-07-30 19:11:57,728295
2022-07-30 19:11:59,728295
2022-07-30 19:12:02,728295
2022-07-30 19:12:19,728295
2022-07-30 19:12:29,728295
2022-07-30 19:12:33,728295
2022-07-30 19:12:37,728295
2022-07-30 19:12:40,728295
2022-07-30 19:12:43,728295
2022-07-30 19:12:57,728294
2022-07-30 19:13:01,728294
2022-07-30 19:13:03,728295
2022-07-30 19:13:09,728295
2022-07-30 19:13:42,728295
2022-07-30 19:13:46,728295
2022-07-30 19:13:49,728295
2022-07-30 19:13:52,728295
2022-07-30 19:13:58,728295
2022-07-30 19:14:01,728295
2022-07-30 19:14:06,728294
2022-07-30 19:14:17,728294
2022-07-30 19:14:21,728294
2022-07-30 19:14:24,728294
2022-07-30 19:14:28,728295
2022-07-30 19:14:32,728295
2022-07-30 19:14:36,728295
2022-07-30 19:14:41,728295
2022-07-30 19:14:50,728295
2022-07-30 19:14:56,728296
2022-07-30 19:14:59,728296
2022-07-30 19:15:05,728297
2022-07-30 19:15:07,728297
2022-07-30 19:15:10,728297
2022-07-30 19:15:18,728297
2022-07-30 19:15:21,728297
2022-07-30 19:15:24,728297
2022-07-30 19:15:30,728297
2022-07-30 19:15:36,728297
2022-07-30 19:15:38,728297
2022-07-30 19:15:41,728297
2022-07-30 19:15:43,728297
2022-07-30 19:15:45,728297
2022-07-30 19:15:48,728297
2022-07-30 19:15:53,728297
2022-07-30 19:15:55,728297
2022-07-30 19:15:58,728298
2022-07-30 19:16:02,728298
2022-07-30 19:16:05,728298
2022-07-30 19:16:08,728298
2022-07-30 19:16:10,728299
2022-07-30 19:16:14,728299
2022-07-30 19:16:18,728299
2022-07-30 19:16:20,728299
2022-07-30 19:16:23,728299
2022-07-30 19:16:27,728300
2022-07-30 19:16:31,728300
2022-07-30 19:16:34,728300
2022-07-30 19:16:41,728300
2022-07-30 19:16:45,728300
2022-07-30 19:16:52,728300
2022-07-30 19:16:55,728299
2022-07-30 19:17:00,728299
2022-07-30 19:17:01,728299
2022-07-30 19:17:04,728299
2022-07-30 19:17:08,728299
2022-07-30 19:17:18,728299
2022-07-30 19:17:27,728299
2022-07-30 19:17:28,728299
2022-07-30 19:17:31,728299
2022-07-30 19:17:40,728299
2022-07-30 19:17:43,728299
2022-07-30 19:17:47,728299
2022-07-30 19:17:49,728299
2022-07-30 19:17:54,728298
2022-07-30 19:17:56,728298
2022-07-30 19:18:00,728297
2022-07-30 19:18:05,728297
2022-07-30 19:18:08,728297
2022-07-30 19:18:13,728298
2022-07-30 19:18:16,728298
2022-07-30 19:18:25,728299
2022-07-30 19:18:28,728299
2022-07-30 19:18:35,728299
2022-07-30 19:18:38,728299
2022-07-30 19:18:41,728299
2022-07-30 19:18:48,728299
2022-07-30 19:18:51,728300
2022-07-30 19:18:54,728300
2022-07-30 19:18:57,728300
2022-07-30 19:19:00,728300
2022-07-30 19:19:01,728300
2022-07-30 19:19:03,728300
2022-07-30 19:19:08,728300
2022-07-30 19:19:10,728300
2022-07-30 19:19:13,728300
2022-07-30 19:19:16,728300
2022-07-30 19:19:19,728300
2022-07-30 19:19:21,728300
2022-07-30 19:19:24,728300
2022-07-30 19:19:27,728300
2022-07-30 19:19:31,728299
2022-07-30 19:19:34,728299
2022-07-30 19:19:36,728299
2022-07-30 19:19:38,728299
2022-07-30 19:19:40,728299
2022-07-30 19:19:43,728299
2022-07-30 19:19:45,728299
2022-07-30 19:19:47,728299
2022-07-30 19:19:51,728298
2022-07-30 19:19:54,728298
2022-07-30 19:20:05,728299
2022-07-30 19:20:07,728299
2022-07-30 19:20:09,728301
2022-07-30 19:20:12,728302
2022-07-30 19:20:15,728302
2022-07-30 19:20:17,728302
2022-07-30 19:20:20,728302
2022-07-30 19:20:23,728302
2022-07-30 19:20:27,728302
2022-07-30 19:20:29,728302
2022-07-30 19:20:31,728303
2022-07-30 19:20:36,728304
2022-07-30 19:20:42,728304
2022-07-30 19:20:51,728305
2022-07-30 19:20:53,728305
2022-07-30 19:20:57,728305
2022-07-30 19:21:00,728306
2022-07-30 19:21:03,728306
2022-07-30 19:21:05,728306
2022-07-30 19:21:08,728307
2022-07-30 19:21:11,728307
2022-07-30 19:21:13,728307
2022-07-30 19:21:20,728307
2022-07-30 19:21:23,728308
2022-07-30 19:21:25,728308
2022-07-30 19:21:27,728309
2022-07-30 19:21:32,728309
2022-07-30 19:21:35,728310
2022-07-30 19:21:37,728310
2022-07-30 19:21:40,728310
2022-07-30 19:21:43,728310
2022-07-30 19:21:45,728310
2022-07-30 19:21:46,728310
2022-07-30 19:21:49,728310
2022-07-30 19:21:52,728310
2022-07-30 19:21:56,728310
2022-07-30 19:21:58,728310
2022-07-30 19:22:04,728310
2022-07-30 19:22:09,728310
2022-07-30 19:22:11,728310
2022-07-30 19:22:14,728310
2022-07-30 19:22:19,728310
2022-07-30 19:22:21,728310
2022-07-30 19:22:27,728310
2022-07-30 19:22:29,728310
2022-07-30 19:22:32,728310
2022-07-30 19:22:35,728310
2022-07-30 19:22:37,728310
2022-07-30 19:22:41,728310
2022-07-30 19:22:45,728310
2022-07-30 19:22:50,728310
2022-07-30 19:22:52,728310
2022-07-30 19:22:55,728310
2022-07-30 19:22:57,728310
2022-07-30 19:22:59,728310
2022-07-30 19:23:05,728311
2022-07-30 19:23:12,728311
2022-07-30 19:23:14,728311
2022-07-30 19:23:16,728312
2022-07-30 19:23:19,728312
2022-07-30 19:23:22,728312
2022-07-30 19:23:25,728312
2022-07-30 19:23:28,728312
2022-07-30 19:23:30,728312
2022-07-30 19:23:33,728312
2022-07-30 19:23:37,728312
2022-07-30 19:23:39,728312
2022-07-30 19:23:42,728312
2022-07-30 19:23:46,728312
2022-07-30 19:23:48,728312
2022-07-30 19:23:51,728312
2022-07-30 19:23:53,728312
2022-07-30 19:23:55,728312
2022-07-30 19:24:01,728312
2022-07-30 19:24:03,728312
2022-07-30 19:24:07,728312
2022-07-30 19:24:08,728312
2022-07-30 19:24:10,728312
2022-07-30 19:24:16,728312
2022-07-30 19:24:18,728312
2022-07-30 19:24:20,728312
2022-07-30 19:24:25,728312
2022-07-30 19:24:28,728312
2022-07-30 19:24:31,728312
2022-07-30 19:24:35,728312
2022-07-30 19:24:41,728312
2022-07-30 19:24:45,728312
2022-07-30 19:24:47,728312
2022-07-30 19:24:49,728312
2022-07-30 19:24:51,728312
2022-07-30 19:24:55,728312
2022-07-30 19:24:57,728312
2022-07-30 19:24:59,728312
2022-07-30 19:25:01,728312
2022-07-30 19:25:06,728312
2022-07-30 19:25:11,728312
2022-07-30 19:25:13,728312
2022-07-30 19:25:16,728312
2022-07-30 19:25:20,728312
2022-07-30 19:25:25,728312
2022-07-30 19:25:29,728312
2022-07-30 19:25:34,728312
2022-07-30 19:25:37,728312
2022-07-30 19:25:39,728312
2022-07-30 19:25:43,728313
2022-07-30 19:25:48,728314
2022-07-30 19:25:51,728314
2022-07-30 19:25:55,728314
2022-07-30 19:25:58,728314
2022-07-30 19:26:01,728314
2022-07-30 19:26:04,728315
2022-07-30 19:26:07,728315
2022-07-30 19:26:08,728315
2022-07-30 19:26:10,728315
2022-07-30 19:26:13,728315
2022-07-30 19:26:16,728315
2022-07-30 19:26:19,728315
2022-07-30 19:26:22,728315
2022-07-30 19:26:24,728315
2022-07-30 19:26:27,728315
2022-07-30 19:26:34,728315
2022-07-30 19:26:37,728315
2022-07-30 19:26:40,728315
2022-07-30 19:26:42,728315
2022-07-30 19:26:45,728315
2022-07-30 19:26:47,728315
2022-07-30 19:26:51,728315
2022-07-30 19:26:53,728315
2022-07-30 19:26:57,728316
2022-07-30 19:27:02,728316
2022-07-30 19:27:04,728316
2022-07-30 19:27:13,728316
2022-07-30 19:27:21,728316
2022-07-30 19:27:28,728317
2022-07-30 19:27:31,728317
2022-07-30 19:27:33,728316
2022-07-30 19:27:41,728317
2022-07-30 19:27:44,728317
2022-07-30 19:27:46,728317
2022-07-30 19:27:49,728317
2022-07-30 19:27:51,728317
2022-07-30 19:27:55,728317
2022-07-30 19:27:57,728317
2022-07-30 19:27:59,728317
2022-07-30 19:28:03,728317
2022-07-30 19:28:09,728317
2022-07-30 19:28:27,728317
2022-07-30 19:28:29,728317
2022-07-30 19:28:33,728318
2022-07-30 19:28:37,728318
2022-07-30 19:28:41,728319
2022-07-30 19:28:44,728319
2022-07-30 19:28:48,728320
2022-07-30 19:29:01,728320
2022-07-30 19:29:04,728320
2022-07-30 19:29:07,728320
2022-07-30 19:29:12,728320
2022-07-30 19:29:21,728319
2022-07-30 19:29:30,728319
2022-07-30 19:29:32,728319
2022-07-30 19:29:35,728319
2022-07-30 19:29:39,728319
2022-07-30 19:29:41,728319
2022-07-30 19:29:44,728319
2022-07-30 19:29:47,728319
2022-07-30 19:29:51,728319
2022-07-30 19:29:58,728319
2022-07-30 19:30:01,728319
2022-07-30 19:30:21,728319
2022-07-30 19:30:24,728319
2022-07-30 19:30:27,728319
2022-07-30 19:30:30,728321
2022-07-30 19:30:35,728321
2022-07-30 19:30:49,728321
2022-07-30 19:31:01,728322
2022-07-30 19:31:09,728322
2022-07-30 19:31:13,728322
2022-07-30 19:31:15,728322
2022-07-30 19:31:20,728322
2022-07-30 19:31:23,728322
2022-07-30 19:31:26,728322
2022-07-30 19:31:28,728322
2022-07-30 19:31:32,728322
2022-07-30 19:31:34,728322
2022-07-30 19:31:36,728322
2022-07-30 19:31:39,728322
2022-07-30 19:31:41,728323
2022-07-30 19:31:43,728323
2022-07-30 19:31:46,728323
2022-07-30 19:31:50,728323
2022-07-30 19:31:53,728323
2022-07-30 19:31:56,728323
2022-07-30 19:32:14,728323
2022-07-30 19:32:20,728324
2022-07-30 19:32:23,728324
2022-07-30 19:32:27,728324
2022-07-30 19:32:29,728324
2022-07-30 19:32:33,728324
2022-07-30 19:32:38,728324
2022-07-30 19:32:46,728324
2022-07-30 19:32:48,728324
2022-07-30 19:32:50,728324
2022-07-30 19:32:54,728324
2022-07-30 19:32:57,728324
2022-07-30 19:33:02,728325
2022-07-30 19:33:04,728325
2022-07-30 19:33:14,728325
2022-07-30 19:33:17,728325
2022-07-30 19:33:20,728325
2022-07-30 19:33:22,728325
2022-07-30 19:33:30,728325
2022-07-30 19:33:32,728325
2022-07-30 19:33:34,728325
2022-07-30 19:33:39,728325
2022-07-30 19:33:44,728325
2022-07-30 19:33:47,728325
2022-07-30 19:33:49,728325
2022-07-30 19:33:51,728325
2022-07-30 19:33:54,728325
2022-07-30 19:33:58,728325
2022-07-30 19:34:01,728325
2022-07-30 19:34:04,728325
2022-07-30 19:34:07,728325
2022-07-30 19:34:22,728325
2022-07-30 19:34:28,728325
2022-07-30 19:34:36,728325
2022-07-30 19:34:38,728325
2022-07-30 19:34:48,728325
2022-07-30 19:34:51,728325
2022-07-30 19:34:54,728326
2022-07-30 19:34:58,728326
2022-07-30 19:35:00,728326
2022-07-30 19:35:02,728326
2022-07-30 19:35:05,728326
2022-07-30 19:35:09,728326
2022-07-30 19:35:11,728326
2022-07-30 19:35:13,728326
2022-07-30 19:35:15,728326
2022-07-30 19:35:17,728326
2022-07-30 19:35:19,728326
2022-07-30 19:35:21,728326
2022-07-30 19:35:25,728326
2022-07-30 19:35:28,728326
2022-07-30 19:35:30,728326
2022-07-30 19:35:34,728326
2022-07-30 19:35:38,728326
2022-07-30 19:35:41,728326
2022-07-30 19:35:45,728326
2022-07-30 19:35:47,728326
2022-07-30 19:35:51,728326
2022-07-30 19:35:53,728326
2022-07-30 19:35:55,728326
2022-07-30 19:35:57,728327
2022-07-30 19:35:59,728327
2022-07-30 19:36:06,728327
2022-07-30 19:36:08,728327
2022-07-30 19:36:10,728327
2022-07-30 19:36:15,728327
2022-07-30 19:36:22,728327
2022-07-30 19:36:24,728327
2022-07-30 19:36:32,728328
2022-07-30 19:36:37,728328
2022-07-30 19:36:43,728328
2022-07-30 19:36:46,728328
2022-07-30 19:36:57,728327
2022-07-30 19:37:07,728328
2022-07-30 19:37:11,728328
2022-07-30 19:37:16,728328
2022-07-30 19:37:18,728328
2022-07-30 19:37:36,728328
2022-07-30 19:37:41,728328
2022-07-30 19:37:44,728328
2022-07-30 19:37:46,728328
2022-07-30 19:37:49,728328
2022-07-30 19:37:52,728328
2022-07-30 19:37:55,728328
2022-07-30 19:37:58,728328
2022-07-30 19:38:01,728328
2022-07-30 19:38:04,728328
2022-07-30 19:38:07,728328
2022-07-30 19:38:10,728328
2022-07-30 19:38:15,728328
2022-07-30 19:38:26,728328
2022-07-30 19:38:28,728328
2022-07-30 19:38:36,728328
2022-07-30 19:38:58,728328
2022-07-30 19:38:59,728328
2022-07-30 19:39:01,728328
2022-07-30 19:39:03,728328
2022-07-30 19:39:08,728328
2022-07-30 19:39:11,728328
2022-07-30 19:39:14,728328
2022-07-30 19:39:21,728328
2022-07-30 19:39:24,728328
2022-07-30 19:39:26,728328
2022-07-30 19:39:29,728328
2022-07-30 19:39:31,728328
2022-07-30 19:39:42,728328
2022-07-30 19:39:44,728328
2022-07-30 19:39:48,728328
2022-07-30 19:39:50,728328
2022-07-30 19:39:52,728328
2022-07-30 19:39:56,728328
2022-07-30 19:39:58,728328
2022-07-30 19:40:07,728328
2022-07-30 19:40:09,728328
2022-07-30 19:40:16,728328
2022-07-30 19:40:19,728328
2022-07-30 19:40:22,728328
2022-07-30 19:40:24,728328
2022-07-30 19:40:31,728328
2022-07-30 19:40:34,728328
2022-07-30 19:40:38,728328
2022-07-30 19:40:41,728328
2022-07-30 19:40:47,728328
2022-07-30 19:40:58,728329
2022-07-30 19:41:00,728329
2022-07-30 19:41:03,728329
2022-07-30 19:41:06,728329
2022-07-30 19:41:08,728330
2022-07-30 19:41:11,728330
2022-07-30 19:41:13,728330
2022-07-30 19:41:16,728330
2022-07-30 19:41:18,728330
2022-07-30 19:41:21,728330
2022-07-30 19:41:25,728330
2022-07-30 19:41:27,728330
2022-07-30 19:41:29,728330
2022-07-30 19:41:31,728330
2022-07-30 19:41:34,728331
2022-07-30 19:41:40,728332
2022-07-30 19:41:42,728332
2022-07-30 19:41:44,728332
2022-07-30 19:41:46,728332
2022-07-30 19:41:50,728332
2022-07-30 19:41:56,728332
2022-07-30 19:42:00,728332
2022-07-30 19:42:03,728332
2022-07-30 19:42:12,728332
2022-07-30 19:42:15,728332
2022-07-30 19:42:21,728332
2022-07-30 19:42:23,728332
2022-07-30 19:42:25,728332
2022-07-30 19:42:31,728332
2022-07-30 19:42:34,728332
2022-07-30 19:42:37,728332
2022-07-30 19:42:41,728332
2022-07-30 19:42:43,728332
2022-07-30 19:42:47,728332
2022-07-30 19:42:52,728332
2022-07-30 19:42:54,728332
2022-07-30 19:42:56,728332
2022-07-30 19:43:11,728332
2022-07-30 19:43:14,728332
2022-07-30 19:43:25,728332
2022-07-30 19:43:27,728332
2022-07-30 19:43:29,728332
2022-07-30 19:43:33,728332
2022-07-30 19:43:36,728332
2022-07-30 19:43:38,728332
2022-07-30 19:43:40,728332
2022-07-30 19:43:42,728332
2022-07-30 19:43:44,728332
2022-07-30 19:43:46,728332
2022-07-30 19:43:52,728332
2022-07-30 19:43:55,728332
2022-07-30 19:43:57,728332
2022-07-30 19:44:11,728332
2022-07-30 19:44:14,728332
2022-07-30 19:44:26,728332
2022-07-30 19:44:30,728332
2022-07-30 19:44:43,728332
2022-07-30 19:44:46,728333
2022-07-30 19:45:00,728333
2022-07-30 19:45:05,728333
2022-07-30 19:45:09,728333
2022-07-30 19:45:16,728333
2022-07-30 19:45:20,728333
2022-07-30 19:45:26,728334
2022-07-30 19:45:28,728334
2022-07-30 19:45:38,728334
2022-07-30 19:45:46,728335
2022-07-30 19:45:49,728334
2022-07-30 19:45:52,728335
2022-07-30 19:46:00,728335
2022-07-30 19:46:10,728335
2022-07-30 19:46:12,728335
2022-07-30 19:46:24,728335
2022-07-30 19:46:32,728336
2022-07-30 19:46:40,728336
2022-07-30 19:46:42,728336
2022-07-30 19:46:44,728336
2022-07-30 19:46:47,728336
2022-07-30 19:46:51,728336
2022-07-30 19:46:54,728336
2022-07-30 19:46:56,728336
2022-07-30 19:47:00,728336
2022-07-30 19:47:02,728336
2022-07-30 19:47:06,728336
2022-07-30 19:47:14,728336
2022-07-30 19:47:17,728336
2022-07-30 19:47:20,728336
2022-07-30 19:47:22,728336
2022-07-30 19:47:25,728335
2022-07-30 19:47:28,728335
2022-07-30 19:47:36,728335
2022-07-30 19:47:39,728335
2022-07-30 19:47:50,728334
2022-07-30 19:47:53,728334
2022-07-30 19:47:56,728334
2022-07-30 19:47:58,728335
2022-07-30 19:48:01,728335
2022-07-30 19:48:04,728335
2022-07-30 19:48:06,728335
2022-07-30 19:48:10,728335
2022-07-30 19:48:15,728335
2022-07-30 19:48:18,728335
2022-07-30 19:48:20,728335
2022-07-30 19:48:23,728334
2022-07-30 19:48:29,728334
2022-07-30 19:48:37,728334
2022-07-30 19:48:41,728334
2022-07-30 19:48:43,728334
2022-07-30 19:48:46,728334
2022-07-30 19:49:01,728335
2022-07-30 19:49:03,728336
2022-07-30 19:49:05,728336
2022-07-30 19:49:08,728336
2022-07-30 19:49:24,728334
2022-07-30 19:49:30,728334
2022-07-30 19:49:46,728334
2022-07-30 19:49:51,728334
2022-07-30 19:49:54,728334
2022-07-30 19:50:01,728334
2022-07-30 19:50:05,728334
2022-07-30 19:50:07,728334
2022-07-30 19:50:12,728334
2022-07-30 19:50:17,728334
2022-07-30 19:50:21,728334
2022-07-30 19:50:24,728334
2022-07-30 19:50:27,728334
2022-07-30 19:50:30,728334
2022-07-30 19:50:32,728334
2022-07-30 19:50:35,728334
2022-07-30 19:50:37,728334
2022-07-30 19:50:39,728334
2022-07-30 19:50:41,728334
2022-07-30 19:50:45,728334
2022-07-30 19:50:51,728335
2022-07-30 19:50:53,728335
2022-07-30 19:50:56,728335
2022-07-30 19:50:58,728335
2022-07-30 19:51:01,728335
2022-07-30 19:51:04,728335
2022-07-30 19:51:06,728335
2022-07-30 19:51:08,728335
2022-07-30 19:51:13,728335
2022-07-30 19:51:18,728335
2022-07-30 19:51:25,728335
2022-07-30 19:51:36,728335
2022-07-30 19:51:53,728335
2022-07-30 19:51:56,728335
2022-07-30 19:51:59,728335
2022-07-30 19:52:02,728335
2022-07-30 19:52:06,728335
2022-07-30 19:52:12,728335
2022-07-30 19:52:15,728335
2022-07-30 19:52:20,728335
2022-07-30 19:52:25,728335
2022-07-30 19:52:27,728335
2022-07-30 19:52:30,728336
2022-07-30 19:52:32,728336
2022-07-30 19:52:35,728336
2022-07-30 19:52:42,728336
2022-07-30 19:52:57,728336
2022-07-30 19:52:59,728336
2022-07-30 19:53:10,728336
2022-07-30 19:53:13,728336
2022-07-30 19:53:18,728336
2022-07-30 19:53:21,728336
2022-07-30 19:53:24,728336
2022-07-30 19:53:27,728336
2022-07-30 19:53:29,728336
2022-07-30 19:53:32,728336
2022-07-30 19:53:33,728336
2022-07-30 19:53:36,728336
2022-07-30 19:53:41,728337
2022-07-30 19:53:57,728337
2022-07-30 19:54:03,728337
2022-07-30 19:54:06,728338
2022-07-30 19:54:10,728338
2022-07-30 19:54:13,728338
2022-07-30 19:54:16,728338
2022-07-30 19:54:18,728338
2022-07-30 19:54:21,728338
2022-07-30 19:54:23,728338
2022-07-30 19:54:26,728338
2022-07-30 19:54:29,728338
2022-07-30 19:54:32,728338
2022-07-30 19:54:34,728338
2022-07-30 19:54:36,728338
2022-07-30 19:54:38,728338
2022-07-30 19:54:41,728338
2022-07-30 19:54:43,728338
2022-07-30 19:54:46,728338
2022-07-30 19:54:48,728338
2022-07-30 19:54:51,728338
2022-07-30 19:54:53,728337
2022-07-30 19:54:56,728337
2022-07-30 19:54:58,728339
2022-07-30 19:55:01,728339
2022-07-30 19:55:12,728339
2022-07-30 19:55:19,728339
2022-07-30 19:55:21,728339
2022-07-30 19:55:25,728339
2022-07-30 19:55:27,728339
2022-07-30 19:55:29,728339
2022-07-30 19:55:33,728339
2022-07-30 19:55:44,728339
2022-07-30 19:55:46,728339
2022-07-30 19:55:49,728340
2022-07-30 19:55:52,728340
2022-07-30 19:55:56,728341
2022-07-30 19:55:59,728341
2022-07-30 19:56:10,728341
2022-07-30 19:56:13,728341
2022-07-30 19:56:16,728341
2022-07-30 19:56:19,728341
2022-07-30 19:56:33,728341
2022-07-30 19:56:35,728341
2022-07-30 19:56:43,728339
2022-07-30 19:57:01,728340
2022-07-30 19:57:04,728341
2022-07-30 19:57:07,728341
2022-07-30 19:57:12,728342
2022-07-30 19:57:29,728342
2022-07-30 19:57:38,728344
2022-07-30 19:57:40,728344
2022-07-30 19:57:43,728344
2022-07-30 19:57:47,728344
2022-07-30 19:57:49,728344
2022-07-30 19:57:52,728344
2022-07-30 19:57:57,728344
2022-07-30 19:58:03,728344
2022-07-30 19:58:05,728344
2022-07-30 19:58:09,728344
2022-07-30 19:58:12,728344
2022-07-30 19:58:16,728344
2022-07-30 19:58:19,728344
2022-07-30 19:58:22,728345
2022-07-30 19:58:24,728345
2022-07-30 19:58:32,728347
2022-07-30 19:58:35,728347
2022-07-30 19:58:48,728347
2022-07-30 19:58:57,728347
2022-07-30 19:58:59,728347
2022-07-30 19:59:01,728347
2022-07-30 19:59:03,728347
2022-07-30 19:59:07,728347
2022-07-30 19:59:10,728347
2022-07-30 19:59:13,728347
2022-07-30 19:59:21,728347
2022-07-30 19:59:24,728347
2022-07-30 19:59:28,728347
2022-07-30 19:59:33,728347
2022-07-30 19:59:37,728347
2022-07-30 19:59:40,728347
2022-07-30 19:59:43,728347
2022-07-30 19:59:45,728347
2022-07-30 19:59:53,728347
2022-07-30 19:59:55,728347
2022-07-30 20:00:00,728347
2022-07-30 20:00:13,728347
2022-07-30 20:00:21,728347
2022-07-30 20:00:27,728347
2022-07-30 20:00:29,728347
2022-07-30 20:00:32,728347
2022-07-30 20:00:37,728347
2022-07-30 20:00:42,728347
2022-07-30 20:00:44,728347
2022-07-30 20:00:50,728347
2022-07-30 20:00:53,728347
2022-07-30 20:00:56,728347
2022-07-30 20:01:00,728347
2022-07-30 20:01:06,728348
2022-07-30 20:01:08,728348
2022-07-30 20:01:15,728348
2022-07-30 20:01:17,728348
2022-07-30 20:01:25,728349
2022-07-30 20:01:28,728349
2022-07-30 20:01:30,728350
2022-07-30 20:01:33,728350
2022-07-30 20:01:35,728350
2022-07-30 20:01:40,728350
2022-07-30 20:01:42,728350
2022-07-30 20:01:45,728350
2022-07-30 20:01:48,728350
2022-07-30 20:01:50,728350
2022-07-30 20:01:55,728351
2022-07-30 20:01:58,728351
2022-07-30 20:02:01,728351
2022-07-30 20:02:03,728351
2022-07-30 20:02:05,728351
2022-07-30 20:02:07,728351
2022-07-30 20:02:12,728353
2022-07-30 20:02:15,728353
2022-07-30 20:02:20,728352
2022-07-30 20:02:22,728352
2022-07-30 20:02:25,728352
2022-07-30 20:02:27,728352
2022-07-30 20:02:30,728352
2022-07-30 20:02:34,728352
2022-07-30 20:02:39,728353
2022-07-30 20:02:52,728353
2022-07-30 20:02:56,728353
2022-07-30 20:03:06,728353
2022-07-30 20:03:14,728353
2022-07-30 20:03:17,728353
2022-07-30 20:03:20,728353
2022-07-30 20:03:22,728353
2022-07-30 20:03:25,728354
2022-07-30 20:03:45,728355
2022-07-30 20:03:47,728355
2022-07-30 20:03:49,728355
2022-07-30 20:03:58,728355
2022-07-30 20:04:02,728355
2022-07-30 20:04:04,728355
2022-07-30 20:04:08,728356
2022-07-30 20:04:15,728357
2022-07-30 20:04:18,728357
2022-07-30 20:04:21,728357
2022-07-30 20:04:24,728357
2022-07-30 20:04:31,728357
2022-07-30 20:04:33,728357
2022-07-30 20:04:35,728357
2022-07-30 20:04:37,728357
2022-07-30 20:04:45,728357
2022-07-30 20:04:56,728356
2022-07-30 20:04:58,728356
2022-07-30 20:05:21,728355
2022-07-30 20:05:24,728356
2022-07-30 20:05:29,728356
2022-07-30 20:05:31,728356
2022-07-30 20:05:36,728356
2022-07-30 20:05:38,728356
2022-07-30 20:05:42,728356
2022-07-30 20:05:46,728356
2022-07-30 20:05:49,728356
2022-07-30 20:05:52,728356
2022-07-30 20:05:56,728356
2022-07-30 20:05:58,728356
2022-07-30 20:06:01,728356
2022-07-30 20:06:07,728356
2022-07-30 20:06:09,728356
2022-07-30 20:06:11,728356
2022-07-30 20:06:13,728356
2022-07-30 20:06:16,728356
2022-07-30 20:06:18,728356
2022-07-30 20:06:24,728356
2022-07-30 20:06:26,728356
2022-07-30 20:06:29,728356
2022-07-30 20:06:41,728356
2022-07-30 20:06:43,728356
2022-07-30 20:06:49,728356
2022-07-30 20:06:51,728356
2022-07-30 20:06:54,728356
2022-07-30 20:06:56,728356
2022-07-30 20:07:02,728356
2022-07-30 20:07:05,728356
2022-07-30 20:07:08,728356
2022-07-30 20:07:10,728356
2022-07-30 20:07:17,728357
2022-07-30 20:07:19,728357
2022-07-30 20:07:22,728357
2022-07-30 20:07:25,728357
2022-07-30 20:07:28,728357
2022-07-30 20:07:33,728357
2022-07-30 20:07:36,728357
2022-07-30 20:07:40,728358
2022-07-30 20:07:46,728358
2022-07-30 20:07:57,728358
2022-07-30 20:08:02,728358
2022-07-30 20:08:07,728358
2022-07-30 20:08:10,728358
2022-07-30 20:08:14,728358
2022-07-30 20:08:21,728358
2022-07-30 20:08:23,728358
2022-07-30 20:08:47,728359
2022-07-30 20:08:51,728359
2022-07-30 20:08:53,728359
2022-07-30 20:08:58,728359
2022-07-30 20:09:15,728360
2022-07-30 20:09:19,728360
2022-07-30 20:09:21,728360
2022-07-30 20:09:25,728360
2022-07-30 20:09:39,728360
2022-07-30 20:09:41,728360
2022-07-30 20:09:45,728360
2022-07-30 20:09:55,728360
2022-07-30 20:10:11,728361
2022-07-30 20:10:15,728361
2022-07-30 20:10:19,728361
2022-07-30 20:10:21,728361
2022-07-30 20:10:23,728361
2022-07-30 20:10:30,728361
2022-07-30 20:10:36,728362
2022-07-30 20:10:38,728362
2022-07-30 20:10:40,728362
2022-07-30 20:10:43,728362
2022-07-30 20:10:46,728362
2022-07-30 20:10:48,728362
2022-07-30 20:10:51,728362
2022-07-30 20:10:57,728362
2022-07-30 20:10:59,728362
2022-07-30 20:11:08,728362
2022-07-30 20:11:12,728363
2022-07-30 20:11:15,728363
2022-07-30 20:11:17,728363
2022-07-30 20:11:21,728363
2022-07-30 20:11:34,728363
2022-07-30 20:11:43,728363
2022-07-30 20:11:48,728363
2022-07-30 20:11:57,728362
2022-07-30 20:12:01,728362
2022-07-30 20:12:08,728362
2022-07-30 20:12:15,728362
2022-07-30 20:12:17,728362
2022-07-30 20:12:19,728362
2022-07-30 20:12:21,728362
2022-07-30 20:12:24,728362
2022-07-30 20:12:29,728362
2022-07-30 20:12:43,728362
2022-07-30 20:12:48,728362
2022-07-30 20:13:03,728362
2022-07-30 20:13:05,728362
2022-07-30 20:13:08,728362
2022-07-30 20:13:11,728363
2022-07-30 20:13:14,728363
2022-07-30 20:13:26,728363
2022-07-30 20:13:29,728363
2022-07-30 20:13:35,728363
2022-07-30 20:13:45,728364
2022-07-30 20:13:51,728365
2022-07-30 20:13:53,728364
2022-07-30 20:14:05,728364
2022-07-30 20:14:07,728364
2022-07-30 20:14:09,728364
2022-07-30 20:14:13,728364
2022-07-30 20:14:17,728364
2022-07-30 20:14:19,728364
2022-07-30 20:14:21,728364
2022-07-30 20:14:26,728364
2022-07-30 20:14:29,728364
2022-07-30 20:14:33,728364
2022-07-30 20:14:40,728364
2022-07-30 20:14:58,728365
2022-07-30 20:15:02,728365
2022-07-30 20:15:17,728365
2022-07-30 20:15:20,728365
2022-07-30 20:15:44,728366
2022-07-30 20:15:47,728367
2022-07-30 20:15:55,728367
2022-07-30 20:15:59,728367
2022-07-30 20:16:02,728367
2022-07-30 20:16:07,728367
2022-07-30 20:16:10,728368
2022-07-30 20:16:20,728368
2022-07-30 20:16:22,728368
2022-07-30 20:16:25,728368
2022-07-30 20:16:30,728368
2022-07-30 20:16:34,728368
2022-07-30 20:16:43,728368
2022-07-30 20:16:47,728368
2022-07-30 20:16:50,728368
2022-07-30 20:16:56,728368
2022-07-30 20:16:58,728368
2022-07-30 20:17:01,728368
2022-07-30 20:17:03,728367
2022-07-30 20:17:05,728367
2022-07-30 20:17:11,728368
2022-07-30 20:17:20,728368
2022-07-30 20:17:22,728368
2022-07-30 20:17:38,728369
2022-07-30 20:17:47,728369
2022-07-30 20:17:51,728369
2022-07-30 20:17:53,728369
2022-07-30 20:18:00,728369
2022-07-30 20:18:04,728369
2022-07-30 20:18:15,728371
2022-07-30 20:18:17,728371
2022-07-30 20:18:22,728371
2022-07-30 20:18:33,728371
2022-07-30 20:18:40,728371
2022-07-30 20:18:43,728371
2022-07-30 20:18:56,728371
2022-07-30 20:19:06,728371
2022-07-30 20:19:08,728371
2022-07-30 20:19:10,728372
2022-07-30 20:19:14,728372
2022-07-30 20:19:16,728372
2022-07-30 20:19:43,728371
2022-07-30 20:19:46,728371
2022-07-30 20:19:53,728371
2022-07-30 20:19:55,728371
2022-07-30 20:19:58,728371
2022-07-30 20:20:05,728371
2022-07-30 20:20:10,728371
2022-07-30 20:20:18,728371
2022-07-30 20:20:21,728371
2022-07-30 20:20:26,728371
2022-07-30 20:20:47,728372
2022-07-30 20:20:52,728373
2022-07-30 20:21:11,728374
2022-07-30 20:21:13,728374
2022-07-30 20:21:20,728374
2022-07-30 20:21:23,728374
2022-07-30 20:21:25,728374
2022-07-30 20:21:40,728374
2022-07-30 20:21:44,728374
2022-07-30 20:21:47,728374
2022-07-30 20:21:58,728374
2022-07-30 20:22:05,728374
2022-07-30 20:22:33,728376
2022-07-30 20:23:03,728375
2022-07-30 20:23:17,728375
2022-07-30 20:23:21,728375
2022-07-30 20:23:24,728375
2022-07-30 20:23:28,728375
2022-07-30 20:23:49,728375
2022-07-30 20:24:02,728375
2022-07-30 20:24:06,728376
2022-07-30 20:24:09,728376
2022-07-30 20:24:22,728375
2022-07-30 20:24:42,728375
2022-07-30 20:24:58,728375
2022-07-30 20:25:00,728375
2022-07-30 20:25:13,728376
2022-07-30 20:25:15,728376
2022-07-30 20:25:23,728376
2022-07-30 20:25:27,728376
2022-07-30 20:25:42,728377
2022-07-30 20:25:45,728377
2022-07-30 20:25:47,728377
2022-07-30 20:25:51,728377
2022-07-30 20:25:55,728377
2022-07-30 20:25:59,728377
2022-07-30 20:26:07,728377
2022-07-30 20:26:44,728378
2022-07-30 20:26:47,728378
2022-07-30 20:27:05,728379
2022-07-30 20:27:10,728379
2022-07-30 20:27:17,728379
2022-07-30 20:27:20,728379
2022-07-30 20:27:30,728379
2022-07-30 20:27:36,728379
2022-07-30 20:27:38,728379
2022-07-30 20:27:49,728380
2022-07-30 20:27:53,728380
2022-07-30 20:28:00,728380
2022-07-30 20:28:04,728380
2022-07-30 20:28:06,728380
2022-07-30 20:28:20,728381
2022-07-30 20:28:25,728381
2022-07-30 20:28:44,728381
2022-07-30 20:28:49,728381
2022-07-30 20:28:52,728381
2022-07-30 20:28:59,728381
2022-07-30 20:29:01,728381
2022-07-30 20:29:04,728381
2022-07-30 20:29:17,728381
2022-07-30 20:29:19,728381
2022-07-30 20:29:21,728381
2022-07-30 20:29:29,728381
2022-07-30 20:29:34,728381
2022-07-30 20:29:44,728383
2022-07-30 20:29:46,728383
2022-07-30 20:29:52,728383
2022-07-30 20:29:54,728383
2022-07-30 20:29:57,728383
2022-07-30 20:30:00,728383
2022-07-30 20:30:04,728384
2022-07-30 20:30:07,728384
2022-07-30 20:30:11,728384
2022-07-30 20:30:20,728384
2022-07-30 20:30:23,728384
2022-07-30 20:30:25,728384
2022-07-30 20:30:28,728384
2022-07-30 20:30:35,728385
2022-07-30 20:30:37,728385
2022-07-30 20:30:43,728385
2022-07-30 20:30:47,728385
2022-07-30 20:30:54,728385
2022-07-30 20:30:57,728385
2022-07-30 20:31:02,728385
2022-07-30 20:31:06,728385
2022-07-30 20:31:09,728385
2022-07-30 20:31:11,728385
2022-07-30 20:31:18,728385
2022-07-30 20:31:22,728385
2022-07-30 20:31:28,728385
2022-07-30 20:31:31,728385
2022-07-30 20:31:38,728385
2022-07-30 20:31:39,728385
2022-07-30 20:31:44,728385
2022-07-30 20:31:49,728385
2022-07-30 20:31:51,728385
2022-07-30 20:31:53,728385
2022-07-30 20:31:56,728385
2022-07-30 20:32:01,728385
2022-07-30 20:32:03,728385
2022-07-30 20:32:06,728385
2022-07-30 20:32:09,728385
2022-07-30 20:32:12,728385
2022-07-30 20:32:18,728385
2022-07-30 20:32:27,728385
2022-07-30 20:32:30,728385
2022-07-30 20:32:38,728387
2022-07-30 20:32:42,728387
2022-07-30 20:32:50,728386
2022-07-30 20:32:51,728386
2022-07-30 20:32:52,728386
2022-07-30 20:32:54,728387
2022-07-30 20:32:56,728386
2022-07-30 20:33:01,728386
2022-07-30 20:33:03,728386
2022-07-30 20:33:13,728387
2022-07-30 20:33:16,728386
2022-07-30 20:33:19,728386
2022-07-30 20:33:24,728386
2022-07-30 20:33:26,728386
2022-07-30 20:33:28,728386
2022-07-30 20:33:32,728386
2022-07-30 20:33:40,728386
2022-07-30 20:33:42,728386
2022-07-30 20:33:46,728386
2022-07-30 20:33:48,728386
2022-07-30 20:33:50,728386
2022-07-30 20:33:56,728386
2022-07-30 20:33:59,728386
2022-07-30 20:34:02,728386
2022-07-30 20:34:04,728386
2022-07-30 20:34:13,728387
2022-07-30 20:34:16,728387
2022-07-30 20:34:18,728387
2022-07-30 20:34:24,728387
2022-07-30 20:34:29,728387
2022-07-30 20:34:34,728387
2022-07-30 20:34:36,728387
2022-07-30 20:34:38,728387
2022-07-30 20:34:41,728387
2022-07-30 20:34:46,728387
2022-07-30 20:34:48,728387
2022-07-30 20:34:52,728388
2022-07-30 20:34:54,728388
2022-07-30 20:35:00,728388
2022-07-30 20:35:01,728388
2022-07-30 20:35:03,728388
2022-07-30 20:35:04,728388
2022-07-30 20:35:15,728390
2022-07-30 20:35:20,728389
2022-07-30 20:35:22,728389
2022-07-30 20:35:23,728389
2022-07-30 20:35:27,728389
2022-07-30 20:35:30,728389
2022-07-30 20:35:34,728390
2022-07-30 20:35:36,728390
2022-07-30 20:35:40,728390
2022-07-30 20:35:42,728390
2022-07-30 20:35:44,728390
2022-07-30 20:35:46,728390
2022-07-30 20:35:48,728390
2022-07-30 20:35:50,728390
2022-07-30 20:35:53,728390
2022-07-30 20:35:57,728390
2022-07-30 20:35:59,728390
2022-07-30 20:36:02,728390
2022-07-30 20:36:04,728390
2022-07-30 20:36:05,728390
2022-07-30 20:36:09,728390
2022-07-30 20:36:11,728390
2022-07-30 20:36:16,728390
2022-07-30 20:36:17,728390
2022-07-30 20:36:22,728390
2022-07-30 20:36:24,728390
2022-07-30 20:36:26,728390
2022-07-30 20:36:30,728390
2022-07-30 20:36:32,728390
2022-07-30 20:36:33,728390
2022-07-30 20:36:59,728389
2022-07-30 20:37:05,728389
2022-07-30 20:37:08,728389
2022-07-30 20:37:10,728389
2022-07-30 20:37:13,728389
2022-07-30 20:37:18,728390
2022-07-30 20:37:20,728390
2022-07-30 20:37:23,728390
2022-07-30 20:37:26,728389
2022-07-30 20:37:27,728389
2022-07-30 20:37:31,728389
2022-07-30 20:37:34,728389
2022-07-30 20:37:36,728389
2022-07-30 20:37:38,728389
2022-07-30 20:37:40,728389
2022-07-30 20:37:42,728389
2022-07-30 20:37:44,728389
2022-07-30 20:37:46,728389
2022-07-30 20:37:48,728389
2022-07-30 20:37:53,728389
2022-07-30 20:37:56,728389
2022-07-30 20:37:59,728389
2022-07-30 20:38:03,728389
2022-07-30 20:38:06,728389
2022-07-30 20:38:09,728390
2022-07-30 20:38:25,728390
2022-07-30 20:38:37,728389
2022-07-30 20:38:39,728389
2022-07-30 20:38:41,728389
2022-07-30 20:38:45,728389
2022-07-30 20:38:54,728389
2022-07-30 20:38:57,728389
2022-07-30 20:39:00,728389
2022-07-30 20:39:05,728389
2022-07-30 20:39:06,728389
2022-07-30 20:39:07,728389
2022-07-30 20:39:10,728389
2022-07-30 20:39:13,728389
2022-07-30 20:39:15,728389
2022-07-30 20:39:25,728390
2022-07-30 20:39:28,728390
2022-07-30 20:39:29,728390
2022-07-30 20:39:40,728390
2022-07-30 20:39:42,728390
2022-07-30 20:39:43,728390
2022-07-30 20:39:46,728390
2022-07-30 20:39:54,728390
2022-07-30 20:40:04,728390
2022-07-30 20:40:10,728390
2022-07-30 20:40:16,728390
2022-07-30 20:40:23,728390
2022-07-30 20:40:26,728390
2022-07-30 20:40:35,728390
2022-07-30 20:40:36,728390
2022-07-30 20:40:37,728390
2022-07-30 20:40:39,728390
2022-07-30 20:40:41,728390
2022-07-30 20:40:45,728390
2022-07-30 20:40:48,728390
2022-07-30 20:40:51,728390
2022-07-30 20:40:54,728390
2022-07-30 20:41:04,728390
2022-07-30 20:41:08,728390
2022-07-30 20:41:14,728391
2022-07-30 20:41:21,728391
2022-07-30 20:41:23,728391
2022-07-30 20:41:25,728391
2022-07-30 20:41:32,728392
2022-07-30 20:41:38,728392
2022-07-30 20:41:40,728392
2022-07-30 20:41:42,728393
2022-07-30 20:41:44,728393
2022-07-30 20:41:46,728394
2022-07-30 20:41:49,728394
2022-07-30 20:41:51,728394
2022-07-30 20:41:54,728394
2022-07-30 20:41:56,728394
2022-07-30 20:41:59,728394
2022-07-30 20:42:00,728394
2022-07-30 20:42:02,728394
2022-07-30 20:42:05,728394
2022-07-30 20:42:06,728394
2022-07-30 20:42:10,728394
2022-07-30 20:42:14,728395
2022-07-30 20:42:16,728395
2022-07-30 20:42:17,728395
2022-07-30 20:42:21,728396
2022-07-30 20:42:26,728396
2022-07-30 20:42:28,728396
2022-07-30 20:42:31,728396
2022-07-30 20:42:33,728396
2022-07-30 20:42:37,728396
2022-07-30 20:42:39,728396
2022-07-30 20:42:53,728396
2022-07-30 20:42:57,728396
2022-07-30 20:42:59,728396
2022-07-30 20:43:02,728396
2022-07-30 20:43:06,728397
2022-07-30 20:43:08,728397
2022-07-30 20:43:12,728397
2022-07-30 20:43:19,728397
2022-07-30 20:43:35,728397
2022-07-30 20:43:37,728397
2022-07-30 20:43:39,728397
2022-07-30 20:43:48,728398
2022-07-30 20:43:51,728398
2022-07-30 20:44:07,728398
2022-07-30 20:44:12,728398
2022-07-30 20:44:19,728398
2022-07-30 20:44:25,728398
2022-07-30 20:44:27,728398
2022-07-30 20:44:29,728398
2022-07-30 20:44:34,728398
2022-07-30 20:44:36,728398
2022-07-30 20:44:38,728398
2022-07-30 20:44:40,728399
2022-07-30 20:44:43,728399
2022-07-30 20:44:46,728399
2022-07-30 20:44:53,728399
2022-07-30 20:45:15,728399
2022-07-30 20:45:17,728399
2022-07-30 20:45:20,728399
2022-07-30 20:45:22,728399
2022-07-30 20:45:25,728399
2022-07-30 20:45:37,728399
2022-07-30 20:45:48,728399
2022-07-30 20:45:58,728398
2022-07-30 20:46:07,728398
2022-07-30 20:46:09,728398
2022-07-30 20:46:14,728398
2022-07-30 20:46:20,728398
2022-07-30 20:46:28,728398
2022-07-30 20:46:30,728398
2022-07-30 20:46:37,728398
2022-07-30 20:46:44,728398
2022-07-30 20:46:47,728398
2022-07-30 20:46:52,728398
2022-07-30 20:46:54,728398
2022-07-30 20:46:56,728398
2022-07-30 20:47:02,728398
2022-07-30 20:47:04,728398
2022-07-30 20:47:11,728398
2022-07-30 20:47:33,728398
2022-07-30 20:47:41,728399
2022-07-30 20:47:57,728400
2022-07-30 20:48:13,728402
2022-07-30 20:48:25,728402
2022-07-30 20:48:41,728402
2022-07-30 20:48:44,728402
2022-07-30 20:48:47,728402
2022-07-30 20:48:50,728402
2022-07-30 20:48:54,728402
2022-07-30 20:48:55,728402
2022-07-30 20:48:56,728402
2022-07-30 20:48:57,728402
2022-07-30 20:49:11,728402
2022-07-30 20:49:17,728402
2022-07-30 20:49:42,728402
2022-07-30 20:49:46,728402
2022-07-30 20:49:52,728402
2022-07-30 20:49:56,728402
2022-07-30 20:50:25,728404
2022-07-30 20:50:30,728404
2022-07-30 20:50:31,728404
2022-07-30 20:50:32,728404
2022-07-30 20:50:33,728404
2022-07-30 20:50:35,728404
2022-07-30 20:50:37,728405
2022-07-30 20:50:39,728405
2022-07-30 20:50:41,728405
2022-07-30 20:50:42,728405
2022-07-30 20:50:44,728405
2022-07-30 20:50:45,728405
2022-07-30 20:50:47,728405
2022-07-30 20:50:50,728405
2022-07-30 20:50:52,728405
2022-07-30 20:50:53,728405
2022-07-30 20:50:55,728405
2022-07-30 20:50:57,728406
2022-07-30 20:51:00,728406
2022-07-30 20:51:01,728406
2022-07-30 20:51:03,728406
2022-07-30 20:51:05,728406
2022-07-30 20:51:08,728406
2022-07-30 20:51:09,728406
2022-07-30 20:51:12,728406
2022-07-30 20:51:15,728406
2022-07-30 20:51:17,728407
2022-07-30 20:51:19,728407
2022-07-30 20:51:25,728407
2022-07-30 20:51:27,728407
2022-07-30 20:51:29,728407
2022-07-30 20:51:31,728407
2022-07-30 20:51:46,728407
2022-07-30 20:51:48,728407
2022-07-30 20:51:54,728407
2022-07-30 20:52:02,728406
2022-07-30 20:52:04,728406
2022-07-30 20:52:09,728406
2022-07-30 20:52:12,728406
2022-07-30 20:52:15,728407
2022-07-30 20:52:18,728407
2022-07-30 20:52:20,728407
2022-07-30 20:52:22,728407
2022-07-30 20:52:24,728407
2022-07-30 20:52:31,728407
2022-07-30 20:52:35,728407
2022-07-30 20:52:37,728407
2022-07-30 20:52:43,728407
2022-07-30 20:52:49,728407
2022-07-30 20:52:57,728407
2022-07-30 20:53:03,728407
2022-07-30 20:53:08,728408
2022-07-30 20:53:10,728408
2022-07-30 20:53:16,728408
2022-07-30 20:53:26,728408
2022-07-30 20:53:28,728408
2022-07-30 20:53:46,728408
2022-07-30 20:53:50,728408
2022-07-30 20:53:53,728408
2022-07-30 20:53:54,728408
2022-07-30 20:53:59,728408
2022-07-30 20:54:01,728408
2022-07-30 20:54:06,728408
2022-07-30 20:54:08,728408
2022-07-30 20:54:10,728408
2022-07-30 20:54:12,728408
2022-07-30 20:54:15,728408
2022-07-30 20:54:17,728409
2022-07-30 20:54:20,728409
2022-07-30 20:54:29,728409
2022-07-30 20:54:31,728409
2022-07-30 20:54:33,728410
2022-07-30 20:54:36,728410
2022-07-30 20:54:42,728410
2022-07-30 20:54:44,728410
2022-07-30 20:54:48,728410
2022-07-30 20:54:51,728410
2022-07-30 20:54:55,728410
2022-07-30 20:54:57,728410
2022-07-30 20:55:01,728411
2022-07-30 20:55:09,728412
2022-07-30 20:55:11,728412
2022-07-30 20:55:14,728412
2022-07-30 20:55:16,728412
2022-07-30 20:55:18,728412
2022-07-30 20:55:20,728412
2022-07-30 20:55:24,728412
2022-07-30 20:55:26,728412
2022-07-30 20:55:28,728412
2022-07-30 20:55:31,728412
2022-07-30 20:55:34,728412
2022-07-30 20:55:36,728412
2022-07-30 20:55:38,728412
2022-07-30 20:55:40,728412
2022-07-30 20:55:43,728412
2022-07-30 20:55:45,728412
2022-07-30 20:55:48,728412
2022-07-30 20:55:51,728412
2022-07-30 20:55:54,728412
2022-07-30 20:55:56,728412
2022-07-30 20:56:00,728413
2022-07-30 20:56:04,728412
2022-07-30 20:56:09,728412
2022-07-30 20:56:16,728412
2022-07-30 20:56:19,728412
2022-07-30 20:56:22,728412
2022-07-30 20:56:25,728413
2022-07-30 20:56:27,728413
2022-07-30 20:56:31,728413
2022-07-30 20:56:41,728413
2022-07-30 20:56:45,728413
2022-07-30 20:56:47,728414
2022-07-30 20:57:01,728414
2022-07-30 20:57:06,728415
2022-07-30 20:57:09,728415
2022-07-30 20:57:13,728415
2022-07-30 20:57:15,728415
2022-07-30 20:57:20,728415
2022-07-30 20:57:23,728416
2022-07-30 20:57:26,728416
2022-07-30 20:57:48,728416
2022-07-30 20:57:56,728416
2022-07-30 20:58:00,728416
2022-07-30 20:58:08,728417
2022-07-30 20:58:13,728417
2022-07-30 20:58:20,728417
2022-07-30 20:58:23,728417
2022-07-30 20:58:25,728417
2022-07-30 20:58:29,728417
2022-07-30 20:58:35,728418
2022-07-30 20:58:43,728417
2022-07-30 20:58:47,728417
2022-07-30 20:58:49,728417
2022-07-30 20:58:59,728416
2022-07-30 20:59:01,728417
2022-07-30 20:59:06,728417
2022-07-30 20:59:17,728417
2022-07-30 20:59:23,728418
2022-07-30 20:59:30,728418
2022-07-30 20:59:32,728418
2022-07-30 20:59:34,728418
2022-07-30 20:59:37,728418
2022-07-30 20:59:38,728418
2022-07-30 20:59:40,728418
2022-07-30 20:59:42,728418
2022-07-30 20:59:43,728418
2022-07-30 20:59:46,728418
2022-07-30 20:59:55,728418
2022-07-30 21:00:00,728418
2022-07-30 21:00:03,728418
2022-07-30 21:00:06,728418
2022-07-30 21:00:08,728418
2022-07-30 21:00:10,728418
2022-07-30 21:00:17,728418
2022-07-30 21:00:19,728418
2022-07-30 21:00:22,728418
2022-07-30 21:00:25,728418
2022-07-30 21:00:27,728418
2022-07-30 21:00:30,728418
2022-07-30 21:00:33,728418
2022-07-30 21:00:41,728419
2022-07-30 21:00:48,728419
2022-07-30 21:00:50,728419
2022-07-30 21:00:52,728419
2022-07-30 21:01:05,728419
2022-07-30 21:01:07,728419
2022-07-30 21:01:10,728420
2022-07-30 21:01:16,728420
2022-07-30 21:01:18,728420
2022-07-30 21:01:21,728420
2022-07-30 21:01:24,728420
2022-07-30 21:01:27,728420
2022-07-30 21:01:29,728420
2022-07-30 21:01:34,728419
2022-07-30 21:01:47,728419
2022-07-30 21:01:49,728419
2022-07-30 21:01:52,728419
2022-07-30 21:01:54,728419
2022-07-30 21:01:56,728419
2022-07-30 21:01:58,728419
2022-07-30 21:02:01,728419
2022-07-30 21:02:03,728419
2022-07-30 21:02:06,728419
2022-07-30 21:02:08,728419
2022-07-30 21:02:09,728419
2022-07-30 21:02:15,728419
2022-07-30 21:02:21,728420
2022-07-30 21:02:24,728420
2022-07-30 21:02:25,728420
2022-07-30 21:02:27,728420
2022-07-30 21:02:30,728420
2022-07-30 21:02:35,728420
2022-07-30 21:02:38,728420
2022-07-30 21:02:42,728420
2022-07-30 21:02:47,728420
2022-07-30 21:02:49,728420
2022-07-30 21:02:56,728422
2022-07-30 21:03:04,728424
2022-07-30 21:03:06,728424
2022-07-30 21:03:09,728424
2022-07-30 21:03:13,728425
2022-07-30 21:03:16,728426
2022-07-30 21:03:19,728426
2022-07-30 21:03:28,728426
2022-07-30 21:03:30,728426
2022-07-30 21:03:33,728426
2022-07-30 21:03:35,728426
2022-07-30 21:03:43,728426
2022-07-30 21:03:47,728426
2022-07-30 21:03:50,728426
2022-07-30 21:03:53,728427
2022-07-30 21:03:56,728427
2022-07-30 21:03:57,728427
2022-07-30 21:04:04,728427
2022-07-30 21:04:06,728427
2022-07-30 21:04:08,728427
2022-07-30 21:04:10,728427
2022-07-30 21:04:28,728428
2022-07-30 21:04:46,728427
2022-07-30 21:04:48,728427
2022-07-30 21:04:52,728427
2022-07-30 21:04:56,728427
2022-07-30 21:05:11,728426
2022-07-30 21:05:14,728426
2022-07-30 21:05:15,728426
2022-07-30 21:05:20,728426
2022-07-30 21:05:23,728426
2022-07-30 21:05:27,728426
2022-07-30 21:05:33,728426
2022-07-30 21:05:34,728426
2022-07-30 21:05:43,728426
2022-07-30 21:05:50,728426
2022-07-30 21:05:53,728426
2022-07-30 21:06:02,728426
2022-07-30 21:06:04,728426
2022-07-30 21:06:10,728426
2022-07-30 21:06:16,728426
2022-07-30 21:06:21,728426
2022-07-30 21:06:28,728429
2022-07-30 21:06:40,728429
2022-07-30 21:06:45,728429
2022-07-30 21:06:50,728430
2022-07-30 21:06:52,728430
2022-07-30 21:06:57,728430
2022-07-30 21:07:02,728430
2022-07-30 21:07:05,728430
2022-07-30 21:07:16,728431
2022-07-30 21:07:21,728431
2022-07-30 21:07:24,728431
2022-07-30 21:07:29,728431
2022-07-30 21:07:56,728431
2022-07-30 21:07:59,728431
2022-07-30 21:08:02,728431
2022-07-30 21:08:05,728431
2022-07-30 21:08:08,728432
2022-07-30 21:08:29,728435
2022-07-30 21:08:32,728436
2022-07-30 21:08:44,728436
2022-07-30 21:08:46,728436
2022-07-30 21:08:49,728436
2022-07-30 21:08:52,728436
2022-07-30 21:08:59,728436
2022-07-30 21:09:06,728436
2022-07-30 21:09:16,728436
2022-07-30 21:09:19,728436
2022-07-30 21:09:27,728436
2022-07-30 21:09:30,728436
2022-07-30 21:09:33,728437
2022-07-30 21:09:42,728437
2022-07-30 21:09:47,728437
2022-07-30 21:09:54,728437
2022-07-30 21:09:59,728437
2022-07-30 21:10:24,728437
2022-07-30 21:10:26,728437
2022-07-30 21:10:28,728437
2022-07-30 21:10:34,728437
2022-07-30 21:10:37,728437
2022-07-30 21:10:40,728437
2022-07-30 21:10:42,728437
2022-07-30 21:10:49,728437
2022-07-30 21:10:52,728437
2022-07-30 21:10:55,728437
2022-07-30 21:11:02,728437
2022-07-30 21:11:04,728437
2022-07-30 21:11:05,728437
2022-07-30 21:11:07,728437
2022-07-30 21:11:09,728437
2022-07-30 21:11:14,728437
2022-07-30 21:11:17,728437
2022-07-30 21:11:20,728437
2022-07-30 21:11:22,728437
2022-07-30 21:11:26,728436
2022-07-30 21:11:28,728436
2022-07-30 21:11:35,728436
2022-07-30 21:11:42,728437
2022-07-30 21:11:44,728437
2022-07-30 21:11:49,728437
2022-07-30 21:11:54,728437
2022-07-30 21:11:58,728437
2022-07-30 21:12:04,728436
2022-07-30 21:12:06,728436
2022-07-30 21:12:08,728436
2022-07-30 21:12:11,728436
2022-07-30 21:12:13,728436
2022-07-30 21:12:17,728437
2022-07-30 21:12:19,728437
2022-07-30 21:12:35,728437
2022-07-30 21:12:38,728437
2022-07-30 21:12:42,728437
2022-07-30 21:12:46,728437
2022-07-30 21:12:49,728437
2022-07-30 21:12:54,728437
2022-07-30 21:12:55,728437
2022-07-30 21:12:58,728437
2022-07-30 21:13:02,728437
2022-07-30 21:13:11,728437
2022-07-30 21:13:13,728437
2022-07-30 21:13:25,728437
2022-07-30 21:13:33,728437
2022-07-30 21:13:37,728437
2022-07-30 21:13:40,728437
2022-07-30 21:14:05,728442
2022-07-30 21:14:09,728441
2022-07-30 21:14:13,728441
2022-07-30 21:14:21,728441
2022-07-30 21:14:27,728441
2022-07-30 21:14:47,728442
2022-07-30 21:14:49,728442
2022-07-30 21:14:54,728442
2022-07-30 21:14:56,728442
2022-07-30 21:14:58,728442
2022-07-30 21:15:02,728442
2022-07-30 21:15:04,728442
2022-07-30 21:15:09,728442
2022-07-30 21:15:15,728442
2022-07-30 21:15:19,728443
2022-07-30 21:15:25,728443
2022-07-30 21:15:26,728443
2022-07-30 21:15:28,728443
2022-07-30 21:15:30,728443
2022-07-30 21:15:34,728443
2022-07-30 21:15:35,728443
2022-07-30 21:15:51,728443
2022-07-30 21:15:54,728443
2022-07-30 21:15:55,728443
2022-07-30 21:16:12,728443
2022-07-30 21:16:13,728443
2022-07-30 21:16:21,728443
2022-07-30 21:16:26,728443
2022-07-30 21:16:38,728443
2022-07-30 21:16:39,728443
2022-07-30 21:16:41,728443
2022-07-30 21:16:49,728443
2022-07-30 21:16:53,728444
2022-07-30 21:17:08,728445
2022-07-30 21:17:29,728445
2022-07-30 21:17:30,728445
2022-07-30 21:17:33,728445
2022-07-30 21:17:37,728445
2022-07-30 21:17:41,728445
2022-07-30 21:17:42,728445
2022-07-30 21:18:10,728446
2022-07-30 21:18:11,728446
2022-07-30 21:18:15,728446
2022-07-30 21:18:18,728446
2022-07-30 21:18:25,728446
2022-07-30 21:18:35,728446
2022-07-30 21:18:42,728446
2022-07-30 21:18:46,728446
2022-07-30 21:18:51,728446
2022-07-30 21:18:53,728446
2022-07-30 21:19:12,728445
2022-07-30 21:19:25,728447
2022-07-30 21:19:32,728447
2022-07-30 21:19:37,728447
2022-07-30 21:19:42,728448
2022-07-30 21:19:45,728448
2022-07-30 21:19:51,728448
2022-07-30 21:19:53,728448
2022-07-30 21:19:56,728448
2022-07-30 21:20:19,728448
2022-07-30 21:20:24,728449
2022-07-30 21:20:27,728450
2022-07-30 21:20:28,728450
2022-07-30 21:20:32,728450
2022-07-30 21:20:48,728450
2022-07-30 21:21:08,728450
2022-07-30 21:21:10,728451
2022-07-30 21:21:11,728451
2022-07-30 21:21:18,728451
2022-07-30 21:21:21,728451
2022-07-30 21:21:28,728451
2022-07-30 21:21:35,728451
2022-07-30 21:21:46,728451
2022-07-30 21:21:52,728451
2022-07-30 21:21:54,728451
2022-07-30 21:21:56,728451
2022-07-30 21:22:02,728453
2022-07-30 21:22:40,728453
2022-07-30 21:22:42,728453
2022-07-30 21:22:53,728452
2022-07-30 21:23:05,728453
2022-07-30 21:24:05,728453
2022-07-30 21:24:19,728452
2022-07-30 21:24:23,728451
2022-07-30 21:24:29,728451
2022-07-30 21:24:34,728451
2022-07-30 21:24:38,728451
2022-07-30 21:24:53,728451
2022-07-30 21:24:59,728451
2022-07-30 21:25:01,728451
2022-07-30 21:25:26,728450
2022-07-30 21:25:38,728451
2022-07-30 21:25:48,728451
2022-07-30 21:26:04,728451
2022-07-30 21:26:09,728451
2022-07-30 21:26:14,728451
2022-07-30 21:26:29,728449
2022-07-30 21:26:31,728449
2022-07-30 21:26:33,728449
2022-07-30 21:26:35,728449
2022-07-30 21:26:52,728449
2022-07-30 21:26:55,728449
2022-07-30 21:27:17,728448
2022-07-30 21:27:20,728448
2022-07-30 21:27:23,728448
2022-07-30 21:27:28,728448
2022-07-30 21:27:36,728448
2022-07-30 21:27:55,728449
2022-07-30 21:28:13,728449
2022-07-30 21:28:18,728449
2022-07-30 21:28:25,728450
2022-07-30 21:28:30,728450
2022-07-30 21:28:37,728450
2022-07-30 21:28:40,728450
2022-07-30 21:28:49,728450
2022-07-30 21:29:24,728451
2022-07-30 21:29:46,728451
2022-07-30 21:29:47,728451
2022-07-30 21:29:58,728451
2022-07-30 21:30:09,728451
2022-07-30 21:30:16,728451
2022-07-30 21:30:19,728451
2022-07-30 21:31:45,728452
2022-07-30 21:32:55,728455
2022-07-30 21:33:44,728456
2022-07-30 21:33:58,728456
2022-07-30 21:33:59,728456
2022-07-30 21:34:01,728456
2022-07-30 21:34:04,728456
2022-07-30 21:34:07,728456
2022-07-30 21:34:09,728456
2022-07-30 21:34:11,728456
2022-07-30 21:34:13,728456
2022-07-30 21:34:15,728456
2022-07-30 21:34:17,728456
2022-07-30 21:34:20,728456
2022-07-30 21:34:22,728456
2022-07-30 21:34:30,728456
2022-07-30 21:39:53,728460
2022-07-30 21:41:00,728460