,date,value
0,2022-07-30 18:43:41.573138,5586.0
1,2022-07-30 18:43:45.652204,6125.0
2,2022-07-30 18:43:47.835563,6008.0
3,2022-07-30 18:43:55.070888,5436.0
4,2022-07-30 18:44:00.372477,5821.0
5,2022-07-30 18:44:03.492377,5867.0
6,2022-07-30 18:44:07.599644,5778.0
7,2022-07-30 18:44:09.845486,5552.0
8,2022-07-30 18:44:12.973259,5747.0
9,2022-07-30 18:44:18.305419,6106.0
10,2022-07-30 18:44:21.555645,5692.0
11,2022-07-30 18:44:24.577468,5979.0
12,2022-07-30 18:44:26.862561,5781.0
13,2022-07-30 18:44:31.097115,6017.0
14,2022-07-30 18:44:34.363715,5677.0
15,2022-07-30 18:44:43.998258,5925.0
16,2022-07-30 18:44:47.084654,6033.0
17,2022-07-30 18:45:05.305457,5625.0
18,2022-07-30 18:45:07.494087,5555.0
19,2022-07-30 18:45:11.783620,6195.0
20,2022-07-30 18:45:13.949444,5751.0
21,2022-07-30 18:45:16.956710,5562.0
22,2022-07-30 18:45:20.143164,5947.0
23,2022-07-30 18:45:26.131093,6275.0
24,2022-07-30 18:45:29.232638,6152.0
25,2022-07-30 18:45:32.360274,5710.0
26,2022-07-30 18:45:35.437536,5658.0
27,2022-07-30 18:45:40.831580,5460.0
28,2022-07-30 18:45:43.991672,5979.0
29,2022-07-30 18:45:50.207192,6196.0
30,2022-07-30 18:45:53.984144,5836.0
31,2022-07-30 18:45:57.127164,6360.0
32,2022-07-30 18:46:00.306182,5542.0
33,2022-07-30 18:46:08.888188,5555.0
34,2022-07-30 18:46:12.037930,5812.0
35,2022-07-30 18:46:18.047465,5628.0
36,2022-07-30 18:46:20.209352,5952.0
37,2022-07-30 18:46:22.454838,5662.0
38,2022-07-30 18:46:26.582570,6315.0
39,2022-07-30 18:46:30.658296,5994.0
40,2022-07-30 18:46:42.149897,6242.0
41,2022-07-30 18:46:45.184994,6078.0
42,2022-07-30 18:46:48.158093,6240.0
43,2022-07-30 18:46:54.525164,6139.0
44,2022-07-30 18:47:03.121784,5990.0
45,2022-07-30 18:47:06.452208,6395.0
46,2022-07-30 18:47:09.709804,5877.0
47,2022-07-30 18:47:11.957840,5985.0
48,2022-07-30 18:47:16.023449,5764.0
49,2022-07-30 18:47:19.157234,6090.0
50,2022-07-30 18:47:25.335710,6247.0
51,2022-07-30 18:47:28.676524,6345.0
52,2022-07-30 18:47:32.785916,5931.0
53,2022-07-30 18:47:36.713117,6137.0
54,2022-07-30 18:47:40.762485,5640.0
55,2022-07-30 18:47:50.728212,6204.0
56,2022-07-30 18:47:56.070786,5970.0
57,2022-07-30 18:47:59.021310,6243.0
58,2022-07-30 18:48:02.842111,6454.0
59,2022-07-30 18:48:06.993841,6263.0
60,2022-07-30 18:48:09.220077,5930.0
61,2022-07-30 18:48:12.401999,6261.0
62,2022-07-30 18:48:14.400398,5928.0
63,2022-07-30 18:48:19.982463,5726.0
64,2022-07-30 18:48:24.563984,5971.0
65,2022-07-30 18:48:27.604023,6448.0
66,2022-07-30 18:48:29.950431,5795.0
67,2022-07-30 18:48:34.220640,6097.0
68,2022-07-30 18:48:37.256086,6154.0
69,2022-07-30 18:48:43.480581,6064.0
70,2022-07-30 18:48:47.962179,6229.0
71,2022-07-30 18:48:51.989869,6146.0
72,2022-07-30 18:48:55.046483,6542.0
73,2022-07-30 18:48:58.058213,6160.0
74,2022-07-30 18:49:00.364165,6469.0
75,2022-07-30 18:49:03.491704,5991.0
76,2022-07-30 18:49:08.715746,5906.0
77,2022-07-30 18:49:11.729251,5786.0
78,2022-07-30 18:49:13.940464,6081.0
79,2022-07-30 18:49:17.054801,5904.0
80,2022-07-30 18:49:20.960389,5888.0
81,2022-07-30 18:49:24.288954,5761.0
82,2022-07-30 18:49:26.691613,6308.0
83,2022-07-30 18:49:28.873029,5973.0
84,2022-07-30 18:49:36.284723,6485.0
85,2022-07-30 18:49:38.449093,6350.0
86,2022-07-30 18:49:41.625409,6553.0
87,2022-07-30 18:49:44.631963,5797.0
88,2022-07-30 18:49:47.692399,6288.0
89,2022-07-30 18:49:50.594001,5720.0
90,2022-07-30 18:49:53.113769,6459.0
91,2022-07-30 18:49:55.613147,6212.0
92,2022-07-30 18:49:58.695098,6454.0
93,2022-07-30 18:50:05.726572,6126.0
94,2022-07-30 18:50:09.909541,6158.0
95,2022-07-30 18:50:13.067018,5774.0
96,2022-07-30 18:50:17.025732,6059.0
97,2022-07-30 18:50:19.331590,5858.0
98,2022-07-30 18:50:21.606738,6484.0
99,2022-07-30 18:50:23.821846,6010.0
100,2022-07-30 18:50:26.917957,6166.0
101,2022-07-30 18:50:29.298777,6491.0
102,2022-07-30 18:50:31.483805,5843.0
103,2022-07-30 18:50:33.957267,6484.0
104,2022-07-30 18:50:36.106300,6384.0
105,2022-07-30 18:50:42.180917,5861.0
106,2022-07-30 18:50:45.274602,6614.0
107,2022-07-30 18:50:47.511810,6235.0
108,2022-07-30 18:50:49.647024,6097.0
109,2022-07-30 18:50:51.767256,5875.0
110,2022-07-30 18:50:54.793005,6269.0
111,2022-07-30 18:50:58.869044,5982.0
112,2022-07-30 18:51:02.806554,5759.0
113,2022-07-30 18:51:05.867325,6329.0
114,2022-07-30 18:51:09.839660,5762.0
115,2022-07-30 18:51:15.440304,6522.0
116,2022-07-30 18:51:18.459914,5814.0
117,2022-07-30 18:51:23.547391,6230.0
118,2022-07-30 18:51:26.720467,6722.0
119,2022-07-30 18:51:31.147183,6481.0
120,2022-07-30 18:51:33.245600,6482.0
121,2022-07-30 18:51:35.615184,5992.0
122,2022-07-30 18:51:50.348320,6343.0
123,2022-07-30 18:51:52.586270,6497.0
124,2022-07-30 18:52:04.451040,5969.0
125,2022-07-30 18:52:07.450256,6711.0
126,2022-07-30 18:52:13.935030,6435.0
127,2022-07-30 18:52:16.070360,6195.0
128,2022-07-30 18:52:30.197048,6416.0
129,2022-07-30 18:52:33.157746,6286.0
130,2022-07-30 18:52:36.635413,6525.0
131,2022-07-30 18:52:42.363586,6549.0
132,2022-07-30 18:52:45.486126,6576.0
133,2022-07-30 18:52:52.141806,6525.0
134,2022-07-30 18:52:56.041467,6769.0
135,2022-07-30 18:52:57.090563,6526.0
136,2022-07-30 18:53:00.247294,6183.0
137,2022-07-30 18:53:02.410842,6132.0
138,2022-07-30 18:53:05.583855,6712.0
139,2022-07-30 18:53:08.584250,6617.0
140,2022-07-30 18:53:11.549832,6705.0
141,2022-07-30 18:53:17.682607,6720.0
142,2022-07-30 18:53:23.948724,6324.0
143,2022-07-30 18:53:26.085008,5948.0
144,2022-07-30 18:53:29.245135,5981.0
145,2022-07-30 18:53:31.464615,6581.0
146,2022-07-30 18:53:34.454349,6309.0
147,2022-07-30 18:53:37.410928,6551.0
148,2022-07-30 18:53:39.614908,6633.0
149,2022-07-30 18:53:41.697666,6550.0
150,2022-07-30 18:53:45.869680,6563.0
151,2022-07-30 18:53:50.015195,6174.0
152,2022-07-30 18:53:53.166552,5911.0
153,2022-07-30 18:53:58.595096,6048.0
154,2022-07-30 18:54:00.546262,6467.0
155,2022-07-30 18:54:04.762612,5983.0
156,2022-07-30 18:54:10.948388,6248.0
157,2022-07-30 18:54:14.084715,6274.0
158,2022-07-30 18:54:19.239694,6245.0
159,2022-07-30 18:54:27.062187,6450.0
160,2022-07-30 18:54:31.016555,6061.0
161,2022-07-30 18:54:34.048805,6638.0
162,2022-07-30 18:54:38.268590,6449.0
163,2022-07-30 18:54:45.744305,6574.0
164,2022-07-30 18:54:49.802411,6021.0
165,2022-07-30 18:54:53.623617,6409.0
166,2022-07-30 18:54:56.597210,5904.0
167,2022-07-30 18:55:00.750773,6679.0
168,2022-07-30 18:55:03.779244,6042.0
169,2022-07-30 18:55:05.714246,6064.0
170,2022-07-30 18:55:07.820511,6405.0
171,2022-07-30 18:55:10.888483,6641.0
172,2022-07-30 18:55:14.956655,5886.0
173,2022-07-30 18:55:18.044685,6510.0
174,2022-07-30 18:55:21.082226,5953.0
175,2022-07-30 18:55:25.582829,6596.0
176,2022-07-30 18:55:28.832801,7208.0
177,2022-07-30 18:55:31.913607,7555.0
178,2022-07-30 18:55:34.988358,7864.0
179,2022-07-30 18:55:38.238796,7186.0
180,2022-07-30 18:55:43.621840,7165.0
181,2022-07-30 18:55:46.852412,7819.0
182,2022-07-30 18:55:49.898329,7355.0
183,2022-07-30 18:55:52.292529,7301.0
184,2022-07-30 18:55:55.827226,7273.0
185,2022-07-30 18:55:58.012883,7992.0
186,2022-07-30 18:56:00.143115,7319.0
187,2022-07-30 18:56:02.527985,7782.0
188,2022-07-30 18:56:04.665551,7319.0
189,2022-07-30 18:56:11.646788,7192.0
190,2022-07-30 18:56:15.526970,7198.0
191,2022-07-30 18:56:24.211181,7032.0
192,2022-07-30 18:56:27.346511,7921.0
193,2022-07-30 18:56:29.570481,7543.0
194,2022-07-30 18:56:31.979464,7404.0
195,2022-07-30 18:56:37.727842,7125.0
196,2022-07-30 18:56:40.882689,7563.0
197,2022-07-30 18:56:43.908050,7478.0
198,2022-07-30 18:56:46.069439,7433.0
199,2022-07-30 18:56:48.207482,7136.0
200,2022-07-30 18:56:50.328001,7338.0
201,2022-07-30 18:56:55.802479,7793.0
202,2022-07-30 18:56:57.979768,7096.0
203,2022-07-30 18:57:01.304788,7321.0
204,2022-07-30 18:57:05.854574,7648.0
205,2022-07-30 18:57:08.874880,7973.0
206,2022-07-30 18:57:12.996220,7068.0
207,2022-07-30 18:57:16.095037,7455.0
208,2022-07-30 18:57:23.655544,7825.0
209,2022-07-30 18:57:26.598236,7776.0
210,2022-07-30 18:57:32.872752,7409.0
211,2022-07-30 18:57:35.693187,7122.0
212,2022-07-30 18:57:36.818748,7983.0
213,2022-07-30 18:57:39.015915,7738.0
214,2022-07-30 18:57:42.454346,7968.0
215,2022-07-30 18:57:46.777534,7569.0
216,2022-07-30 18:57:53.255881,7305.0
217,2022-07-30 18:57:59.635527,7960.0
218,2022-07-30 18:58:03.589893,7338.0
219,2022-07-30 18:58:12.255076,7869.0
220,2022-07-30 18:58:19.011063,7964.0
221,2022-07-30 18:58:23.519207,6711.0
222,2022-07-30 18:58:26.914529,5916.0
223,2022-07-30 18:58:39.053161,5826.0
224,2022-07-30 18:58:44.391153,6267.0
225,2022-07-30 18:58:47.796194,6262.0
226,2022-07-30 18:58:50.792982,5944.0
227,2022-07-30 18:58:58.671973,6646.0
228,2022-07-30 18:59:07.665932,6654.0
229,2022-07-30 18:59:13.630835,6515.0
230,2022-07-30 18:59:16.854954,6624.0
231,2022-07-30 18:59:21.141806,6383.0
232,2022-07-30 18:59:25.006114,6656.0
233,2022-07-30 18:59:31.096485,6264.0
234,2022-07-30 18:59:42.921303,5707.0
235,2022-07-30 18:59:45.146661,6237.0
236,2022-07-30 18:59:48.207436,5880.0
237,2022-07-30 19:00:01.038702,6026.0
238,2022-07-30 19:00:03.296768,6168.0
239,2022-07-30 19:00:15.772644,5997.0
240,2022-07-30 19:00:29.219188,5964.0
241,2022-07-30 19:00:32.393762,6238.0
242,2022-07-30 19:00:38.424921,6408.0
243,2022-07-30 19:00:41.690330,5798.0
244,2022-07-30 19:00:44.005552,6546.0
245,2022-07-30 19:00:53.574459,5765.0
246,2022-07-30 19:00:57.994909,5915.0
247,2022-07-30 19:01:00.346798,6497.0
248,2022-07-30 19:01:04.208357,6454.0
249,2022-07-30 19:01:08.538758,6299.0
250,2022-07-30 19:01:10.789919,5945.0
251,2022-07-30 19:01:14.386998,6472.0
252,2022-07-30 19:01:21.502450,6414.0
253,2022-07-30 19:01:24.746520,6225.0
254,2022-07-30 19:01:26.907997,6427.0
255,2022-07-30 19:01:31.542370,6323.0
256,2022-07-30 19:01:37.989045,6099.0
257,2022-07-30 19:01:40.208550,5986.0
258,2022-07-30 19:01:46.689024,6547.0
259,2022-07-30 19:01:49.720299,5922.0
260,2022-07-30 19:01:54.133997,6658.0
261,2022-07-30 19:02:01.474200,6423.0
262,2022-07-30 19:02:05.904212,5850.0
263,2022-07-30 19:02:08.886690,5967.0
264,2022-07-30 19:02:20.342665,6407.0
265,2022-07-30 19:02:24.303919,6210.0
266,2022-07-30 19:02:33.303958,6552.0
267,2022-07-30 19:02:36.368252,6418.0
268,2022-07-30 19:02:46.349856,6024.0
269,2022-07-30 19:02:50.664319,5962.0
270,2022-07-30 19:02:54.648542,6484.0
271,2022-07-30 19:03:00.849611,6599.0
272,2022-07-30 19:03:04.849033,6295.0
273,2022-07-30 19:03:08.026479,6136.0
274,2022-07-30 19:03:11.983090,6336.0
275,2022-07-30 19:03:18.400957,6678.0
276,2022-07-30 19:03:30.751831,6049.0
277,2022-07-30 19:03:34.942204,7158.0
278,2022-07-30 19:03:38.769920,7500.0
279,2022-07-30 19:03:42.698519,7817.0
280,2022-07-30 19:03:44.835767,7111.0
281,2022-07-30 19:03:51.006445,7374.0
282,2022-07-30 19:03:56.727756,7705.0
283,2022-07-30 19:04:00.890075,7759.0
284,2022-07-30 19:04:04.202009,7536.0
285,2022-07-30 19:04:07.224522,7683.0
286,2022-07-30 19:04:11.187275,6996.0
287,2022-07-30 19:04:15.765012,7017.0
288,2022-07-30 19:04:21.321959,7236.0
289,2022-07-30 19:04:24.402847,7330.0
290,2022-07-30 19:04:27.478269,7744.0
291,2022-07-30 19:04:29.745046,6979.0
292,2022-07-30 19:04:32.836430,7554.0
293,2022-07-30 19:04:35.006627,7776.0
294,2022-07-30 19:04:38.201985,7019.0
295,2022-07-30 19:04:42.071807,7579.0
296,2022-07-30 19:04:45.043695,6959.0
297,2022-07-30 19:04:48.083713,7152.0
298,2022-07-30 19:04:55.162385,7061.0
299,2022-07-30 19:05:02.803443,6977.0
300,2022-07-30 19:05:14.410073,7474.0
301,2022-07-30 19:05:27.996382,7200.0
302,2022-07-30 19:05:30.155134,7090.0
303,2022-07-30 19:05:33.359762,7697.0
304,2022-07-30 19:05:43.015380,7352.0
305,2022-07-30 19:05:46.158938,7136.0
306,2022-07-30 19:05:51.608467,7620.0
307,2022-07-30 19:06:01.176048,7775.0
308,2022-07-30 19:06:05.475296,7362.0
309,2022-07-30 19:06:11.765028,7613.0
310,2022-07-30 19:06:15.630668,8176.0
311,2022-07-30 19:06:17.714194,7842.0
312,2022-07-30 19:06:20.902582,7980.0
313,2022-07-30 19:06:24.809964,7809.0
314,2022-07-30 19:06:28.751995,7523.0
315,2022-07-30 19:06:31.741310,7992.0
316,2022-07-30 19:06:38.231080,8048.0
317,2022-07-30 19:06:44.367681,7940.0
318,2022-07-30 19:06:47.628362,7631.0
319,2022-07-30 19:06:50.628561,7454.0
320,2022-07-30 19:06:57.685205,7100.0
321,2022-07-30 19:07:01.856431,7743.0
322,2022-07-30 19:07:05.879034,7789.0
323,2022-07-30 19:07:08.614379,7733.0
324,2022-07-30 19:07:14.996070,7813.0
325,2022-07-30 19:07:19.446128,7293.0
326,2022-07-30 19:07:23.715715,7206.0
327,2022-07-30 19:07:30.214750,8333.0
328,2022-07-30 19:07:32.553209,8155.0
329,2022-07-30 19:07:35.539709,7896.0
330,2022-07-30 19:07:38.582882,7851.0
331,2022-07-30 19:07:41.790685,8118.0
332,2022-07-30 19:07:45.839345,8082.0
333,2022-07-30 19:07:48.786502,8351.0
334,2022-07-30 19:07:51.897820,7839.0
335,2022-07-30 19:07:53.846689,8283.0
336,2022-07-30 19:07:57.096469,7457.0
337,2022-07-30 19:08:00.974224,8189.0
338,2022-07-30 19:08:03.205216,7911.0
339,2022-07-30 19:08:05.334523,8109.0
340,2022-07-30 19:08:07.530011,8342.0
341,2022-07-30 19:08:10.789143,8124.0
342,2022-07-30 19:08:14.274752,7634.0
343,2022-07-30 19:08:17.382698,8275.0
344,2022-07-30 19:08:21.396043,8248.0
345,2022-07-30 19:08:24.628296,8065.0
346,2022-07-30 19:08:27.589087,7985.0
347,2022-07-30 19:08:31.769722,8163.0
348,2022-07-30 19:08:33.954643,7690.0
349,2022-07-30 19:08:36.974016,7984.0
350,2022-07-30 19:08:39.100357,8343.0
351,2022-07-30 19:08:42.273971,8448.0
352,2022-07-30 19:08:46.334658,7750.0
353,2022-07-30 19:08:49.422533,7486.0
354,2022-07-30 19:08:53.597859,8114.0
355,2022-07-30 19:08:56.569218,8440.0
356,2022-07-30 19:09:00.794581,8480.0
357,2022-07-30 19:09:04.229324,7976.0
358,2022-07-30 19:09:11.432080,7780.0
359,2022-07-30 19:09:14.629147,8430.0
360,2022-07-30 19:09:18.620848,8077.0
361,2022-07-30 19:09:20.774544,8026.0
362,2022-07-30 19:09:23.940355,7981.0
363,2022-07-30 19:09:28.239019,8460.0
364,2022-07-30 19:09:30.414089,8008.0
365,2022-07-30 19:09:32.730581,7695.0
366,2022-07-30 19:09:35.825202,7717.0
367,2022-07-30 19:09:39.029034,7767.0
368,2022-07-30 19:09:41.366687,7755.0
369,2022-07-30 19:09:43.547462,7814.0
370,2022-07-30 19:09:46.526250,8348.0
371,2022-07-30 19:09:49.590655,7588.0
372,2022-07-30 19:09:52.702504,7516.0
373,2022-07-30 19:09:57.187549,7452.0
374,2022-07-30 19:10:00.175848,7675.0
375,2022-07-30 19:10:02.349442,7469.0
376,2022-07-30 19:10:05.429106,7483.0
377,2022-07-30 19:10:07.641681,8114.0
378,2022-07-30 19:10:09.905651,8080.0
379,2022-07-30 19:10:13.909313,8445.0
380,2022-07-30 19:10:17.132519,8094.0
381,2022-07-30 19:10:26.982226,7696.0
382,2022-07-30 19:10:30.948991,8559.0
383,2022-07-30 19:10:38.454128,8004.0
384,2022-07-30 19:10:42.563039,8329.0
385,2022-07-30 19:10:46.577163,8167.0
386,2022-07-30 19:10:50.440164,8092.0
387,2022-07-30 19:10:54.198164,8410.0
388,2022-07-30 19:10:57.999222,8175.0
389,2022-07-30 19:11:01.875132,7971.0
390,2022-07-30 19:11:06.084929,8351.0
391,2022-07-30 19:11:09.251503,7932.0
392,2022-07-30 19:11:12.044653,7476.0
393,2022-07-30 19:11:15.077267,8213.0
394,2022-07-30 19:11:24.309358,8187.0
395,2022-07-30 19:11:29.721339,8031.0
396,2022-07-30 19:11:32.751854,7432.0
397,2022-07-30 19:11:36.010893,7652.0
398,2022-07-30 19:11:40.087136,8131.0
399,2022-07-30 19:11:47.197483,7533.0
400,2022-07-30 19:11:50.214378,7802.0
401,2022-07-30 19:11:57.197202,7943.0
402,2022-07-30 19:11:59.331848,8035.0
403,2022-07-30 19:12:01.707392,8554.0
404,2022-07-30 19:12:19.310933,7711.0
405,2022-07-30 19:12:29.462400,8671.0
406,2022-07-30 19:12:33.324277,8231.0
407,2022-07-30 19:12:37.175117,8293.0
408,2022-07-30 19:12:40.409731,8369.0
409,2022-07-30 19:12:42.702370,8533.0
410,2022-07-30 19:12:56.865877,8270.0
411,2022-07-30 19:13:00.656466,8705.0
412,2022-07-30 19:13:02.779691,8769.0
413,2022-07-30 19:13:09.233059,8269.0
414,2022-07-30 19:13:42.425895,8448.0
415,2022-07-30 19:13:45.598812,8161.0
416,2022-07-30 19:13:48.877228,8076.0
417,2022-07-30 19:13:52.297869,7841.0
418,2022-07-30 19:13:57.911492,7858.0
419,2022-07-30 19:14:00.963569,8517.0
420,2022-07-30 19:14:06.402833,7964.0
421,2022-07-30 19:14:16.980927,7898.0
422,2022-07-30 19:14:20.822409,7651.0
423,2022-07-30 19:14:23.853262,8445.0
424,2022-07-30 19:14:28.231594,8652.0
425,2022-07-30 19:14:32.305063,8391.0
426,2022-07-30 19:14:36.155339,8071.0
427,2022-07-30 19:14:40.517276,7991.0
428,2022-07-30 19:14:50.417313,8212.0
429,2022-07-30 19:14:55.778396,8084.0
430,2022-07-30 19:14:59.024650,8683.0
431,2022-07-30 19:15:04.508748,8777.0
432,2022-07-30 19:15:07.461671,7856.0
433,2022-07-30 19:15:10.439575,7897.0
434,2022-07-30 19:15:17.558708,8788.0
435,2022-07-30 19:15:21.390064,8439.0
436,2022-07-30 19:15:24.397333,8556.0
437,2022-07-30 19:15:30.453651,8335.0
438,2022-07-30 19:15:35.962700,8161.0
439,2022-07-30 19:15:38.035588,8568.0
440,2022-07-30 19:15:41.034595,8079.0
441,2022-07-30 19:15:43.151842,8039.0
442,2022-07-30 19:15:45.329399,8067.0
443,2022-07-30 19:15:48.323215,8161.0
444,2022-07-30 19:15:52.499803,8842.0
445,2022-07-30 19:15:54.717084,7742.0
446,2022-07-30 19:15:58.019975,8857.0
447,2022-07-30 19:16:02.160830,8507.0
448,2022-07-30 19:16:04.502958,8006.0
449,2022-07-30 19:16:07.510369,8159.0
450,2022-07-30 19:16:09.915010,7912.0
451,2022-07-30 19:16:13.911123,8859.0
452,2022-07-30 19:16:17.790783,8646.0
453,2022-07-30 19:16:19.976020,8888.0
454,2022-07-30 19:16:22.947121,8930.0
455,2022-07-30 19:16:26.989010,8844.0
456,2022-07-30 19:16:31.001283,8032.0
457,2022-07-30 19:16:34.008609,8371.0
458,2022-07-30 19:16:41.145544,7987.0
459,2022-07-30 19:16:45.170735,8599.0
460,2022-07-30 19:16:52.310276,7981.0
461,2022-07-30 19:16:55.252793,8236.0
462,2022-07-30 19:17:00.099331,7777.0
463,2022-07-30 19:17:01.150666,8868.0
464,2022-07-30 19:17:04.362515,8058.0
465,2022-07-30 19:17:08.214430,8131.0
466,2022-07-30 19:17:17.801139,8263.0
467,2022-07-30 19:17:26.598227,8708.0
468,2022-07-30 19:17:27.705563,7734.0
469,2022-07-30 19:17:30.805705,8524.0
470,2022-07-30 19:17:39.840784,8596.0
471,2022-07-30 19:17:42.846918,7825.0
472,2022-07-30 19:17:47.062079,8335.0
473,2022-07-30 19:17:49.183175,8814.0
474,2022-07-30 19:17:54.087180,7939.0
475,2022-07-30 19:17:56.301839,7724.0
476,2022-07-30 19:17:59.683920,7883.0
477,2022-07-30 19:18:04.974244,8017.0
478,2022-07-30 19:18:07.933936,7929.0
479,2022-07-30 19:18:13.273251,8436.0
480,2022-07-30 19:18:16.300466,8180.0
481,2022-07-30 19:18:24.994674,8258.0
482,2022-07-30 19:18:28.033716,7883.0
483,2022-07-30 19:18:35.282911,7784.0
484,2022-07-30 19:18:38.251804,8147.0
485,2022-07-30 19:18:41.176087,7733.0
486,2022-07-30 19:18:48.370475,7181.0
487,2022-07-30 19:18:51.478713,7745.0
488,2022-07-30 19:18:54.395430,7782.0
489,2022-07-30 19:18:57.480445,7984.0
490,2022-07-30 19:18:59.716942,7719.0
491,2022-07-30 19:19:00.843241,7807.0
492,2022-07-30 19:19:03.167802,7654.0
493,2022-07-30 19:19:07.614630,7465.0
494,2022-07-30 19:19:09.765611,7761.0
495,2022-07-30 19:19:12.758293,7686.0
496,2022-07-30 19:19:15.767248,7456.0
497,2022-07-30 19:19:18.972658,7924.0
498,2022-07-30 19:19:21.154320,7469.0
499,2022-07-30 19:19:24.343865,7733.0
500,2022-07-30 19:19:26.501193,7047.0
501,2022-07-30 19:19:31.358316,7989.0
502,2022-07-30 19:19:33.518368,7048.0
503,2022-07-30 19:19:35.671085,7263.0
504,2022-07-30 19:19:37.802281,7090.0
505,2022-07-30 19:19:39.939544,7330.0
506,2022-07-30 19:19:43.134034,8050.0
507,2022-07-30 19:19:45.249412,7853.0
508,2022-07-30 19:19:47.356480,7897.0
509,2022-07-30 19:19:50.947429,7140.0
510,2022-07-30 19:19:54.186526,7804.0
511,2022-07-30 19:20:04.938227,7526.0
512,2022-07-30 19:20:07.015697,7376.0
513,2022-07-30 19:20:09.291933,7019.0
514,2022-07-30 19:20:12.407804,7720.0
515,2022-07-30 19:20:14.550442,7837.0
516,2022-07-30 19:20:17.477069,7148.0
517,2022-07-30 19:20:20.458657,7782.0
518,2022-07-30 19:20:22.782683,7008.0
519,2022-07-30 19:20:27.146324,7333.0
520,2022-07-30 19:20:29.278960,7454.0
521,2022-07-30 19:20:31.419617,7095.0
522,2022-07-30 19:20:36.150436,7166.0
523,2022-07-30 19:20:41.840832,7603.0
524,2022-07-30 19:20:51.147024,7722.0
525,2022-07-30 19:20:53.269115,6867.0
526,2022-07-30 19:20:57.499099,7153.0
527,2022-07-30 19:20:59.806313,7069.0
528,2022-07-30 19:21:03.199100,7827.0
529,2022-07-30 19:21:05.351503,7622.0
530,2022-07-30 19:21:07.657563,7604.0
531,2022-07-30 19:21:10.762522,7097.0
532,2022-07-30 19:21:12.995283,7904.0
533,2022-07-30 19:21:20.302888,7034.0
534,2022-07-30 19:21:22.670786,7845.0
535,2022-07-30 19:21:24.844686,7786.0
536,2022-07-30 19:21:27.212742,7775.0
537,2022-07-30 19:21:31.546219,7804.0
538,2022-07-30 19:21:34.985366,7653.0
539,2022-07-30 19:21:37.247744,7895.0
540,2022-07-30 19:21:40.273713,7036.0
541,2022-07-30 19:21:43.216664,7057.0
542,2022-07-30 19:21:45.359562,7344.0
543,2022-07-30 19:21:46.425998,7550.0
544,2022-07-30 19:21:48.873580,7155.0
545,2022-07-30 19:21:51.867563,7490.0
546,2022-07-30 19:21:56.147006,7154.0
547,2022-07-30 19:21:58.310623,7480.0
548,2022-07-30 19:22:04.416314,7865.0
549,2022-07-30 19:22:09.042153,7902.0
550,2022-07-30 19:22:11.156507,7313.0
551,2022-07-30 19:22:14.446042,7189.0
552,2022-07-30 19:22:19.179648,7814.0
553,2022-07-30 19:22:21.397758,7166.0
554,2022-07-30 19:22:27.264274,7709.0
555,2022-07-30 19:22:29.421804,7363.0
556,2022-07-30 19:22:32.431218,6894.0
557,2022-07-30 19:22:34.583179,7545.0
558,2022-07-30 19:22:36.767663,7923.0
559,2022-07-30 19:22:41.059764,6791.0
560,2022-07-30 19:22:44.751310,6700.0
561,2022-07-30 19:22:50.228765,6027.0
562,2022-07-30 19:22:52.421095,6191.0
563,2022-07-30 19:22:54.599761,6332.0
564,2022-07-30 19:22:56.981144,6836.0
565,2022-07-30 19:22:59.165633,6712.0
566,2022-07-30 19:23:04.625515,6642.0
567,2022-07-30 19:23:11.594496,6118.0
568,2022-07-30 19:23:13.711068,5950.0
569,2022-07-30 19:23:16.008006,6843.0
570,2022-07-30 19:23:19.201997,5982.0
571,2022-07-30 19:23:21.595821,6547.0
572,2022-07-30 19:23:24.783761,5927.0
573,2022-07-30 19:23:28.125173,6349.0
574,2022-07-30 19:23:30.273982,6292.0
575,2022-07-30 19:23:32.541548,6492.0
576,2022-07-30 19:23:36.935526,6722.0
577,2022-07-30 19:23:39.241733,6004.0
578,2022-07-30 19:23:42.190708,6757.0
579,2022-07-30 19:23:45.849906,6279.0
580,2022-07-30 19:23:47.950924,6415.0
581,2022-07-30 19:23:50.915272,6455.0
582,2022-07-30 19:23:53.030840,6683.0
583,2022-07-30 19:23:55.115521,6422.0
584,2022-07-30 19:24:00.990094,6261.0
585,2022-07-30 19:24:03.105044,6293.0
586,2022-07-30 19:24:06.535188,6465.0
587,2022-07-30 19:24:07.614145,6569.0
588,2022-07-30 19:24:09.710913,6071.0
589,2022-07-30 19:24:15.886671,6818.0
590,2022-07-30 19:24:18.105374,5912.0
591,2022-07-30 19:24:20.266058,6157.0
592,2022-07-30 19:24:25.022233,6354.0
593,2022-07-30 19:24:28.360985,5918.0
594,2022-07-30 19:24:30.512930,6280.0
595,2022-07-30 19:24:35.315994,6207.0
596,2022-07-30 19:24:41.272696,5932.0
597,2022-07-30 19:24:44.634089,6142.0
598,2022-07-30 19:24:46.780378,6678.0
599,2022-07-30 19:24:48.884696,6831.0
600,2022-07-30 19:24:51.187907,6802.0
601,2022-07-30 19:24:54.582056,6694.0
602,2022-07-30 19:24:56.703355,6539.0
603,2022-07-30 19:24:58.954745,6449.0
604,2022-07-30 19:25:01.124828,6204.0
605,2022-07-30 19:25:05.855506,6078.0
606,2022-07-30 19:25:10.554976,6287.0
607,2022-07-30 19:25:12.652550,6679.0
608,2022-07-30 19:25:15.630852,6229.0
609,2022-07-30 19:25:19.897062,6784.0
610,2022-07-30 19:25:24.990778,6648.0
611,2022-07-30 19:25:29.199566,6822.0
612,2022-07-30 19:25:33.501169,6791.0
613,2022-07-30 19:25:36.611111,6772.0
614,2022-07-30 19:25:38.914214,6722.0
615,2022-07-30 19:25:43.381192,6251.0
616,2022-07-30 19:25:47.941622,6492.0
617,2022-07-30 19:25:51.021674,6236.0
618,2022-07-30 19:25:54.516317,5635.0
619,2022-07-30 19:25:57.511238,5811.0
620,2022-07-30 19:26:00.544421,6481.0
621,2022-07-30 19:26:03.736695,5981.0
622,2022-07-30 19:26:06.940780,5947.0
623,2022-07-30 19:26:08.050063,6425.0
624,2022-07-30 19:26:09.946317,6217.0
625,2022-07-30 19:26:12.910542,5871.0
626,2022-07-30 19:26:15.926131,5623.0
627,2022-07-30 19:26:18.887983,6014.0
628,2022-07-30 19:26:21.886103,5894.0
629,2022-07-30 19:26:23.989472,5709.0
630,2022-07-30 19:26:27.264792,5998.0
631,2022-07-30 19:26:34.462397,6012.0
632,2022-07-30 19:26:37.442376,6135.0
633,2022-07-30 19:26:39.697648,6334.0
634,2022-07-30 19:26:42.105546,5852.0
635,2022-07-30 19:26:45.312214,5706.0
636,2022-07-30 19:26:47.457364,6066.0
637,2022-07-30 19:26:50.604847,5810.0
638,2022-07-30 19:26:52.750873,6015.0
639,2022-07-30 19:26:57.154621,5886.0
640,2022-07-30 19:27:02.163735,5669.0
641,2022-07-30 19:27:04.420419,6371.0
642,2022-07-30 19:27:13.086686,5731.0
643,2022-07-30 19:27:21.111244,6447.0
644,2022-07-30 19:27:28.472600,6277.0
645,2022-07-30 19:27:30.660356,5809.0
646,2022-07-30 19:27:32.974751,6311.0
647,2022-07-30 19:27:41.457985,6061.0
648,2022-07-30 19:27:43.601038,6012.0
649,2022-07-30 19:27:45.767676,5649.0
650,2022-07-30 19:27:48.906142,5935.0
651,2022-07-30 19:27:51.060477,5605.0
652,2022-07-30 19:27:54.533472,5668.0
653,2022-07-30 19:27:56.665051,6004.0
654,2022-07-30 19:27:58.862004,5975.0
655,2022-07-30 19:28:03.169691,6231.0
656,2022-07-30 19:28:09.186632,5990.0
657,2022-07-30 19:28:27.102231,6045.0
658,2022-07-30 19:28:29.296876,6195.0
659,2022-07-30 19:28:32.870998,5795.0
660,2022-07-30 19:28:37.339395,6142.0
661,2022-07-30 19:28:41.033934,6526.0
662,2022-07-30 19:28:44.060296,5914.0
663,2022-07-30 19:28:47.643690,6019.0
664,2022-07-30 19:29:00.650730,6224.0
665,2022-07-30 19:29:03.691676,6542.0
666,2022-07-30 19:29:06.770187,6082.0
667,2022-07-30 19:29:12.474795,6426.0
668,2022-07-30 19:29:20.897396,5980.0
669,2022-07-30 19:29:30.213773,6592.0
670,2022-07-30 19:29:32.346318,6241.0
671,2022-07-30 19:29:34.537247,5796.0
672,2022-07-30 19:29:38.904962,6504.0
673,2022-07-30 19:29:41.296466,6440.0
674,2022-07-30 19:29:43.568625,6143.0
675,2022-07-30 19:29:46.744273,6401.0
676,2022-07-30 19:29:51.133251,5957.0
677,2022-07-30 19:29:57.787233,5880.0
678,2022-07-30 19:30:00.852980,5993.0
679,2022-07-30 19:30:21.104581,6583.0
680,2022-07-30 19:30:24.155131,6469.0
681,2022-07-30 19:30:27.262044,6327.0
682,2022-07-30 19:30:30.430156,6012.0
683,2022-07-30 19:30:35.249198,6523.0
684,2022-07-30 19:30:49.441698,5812.0
685,2022-07-30 19:31:00.506036,6152.0
686,2022-07-30 19:31:09.394400,5875.0
687,2022-07-30 19:31:12.933763,6607.0
688,2022-07-30 19:31:15.040675,6441.0
689,2022-07-30 19:31:20.405959,6530.0
690,2022-07-30 19:31:23.380021,5863.0
691,2022-07-30 19:31:25.697207,6442.0
692,2022-07-30 19:31:27.864228,6555.0
693,2022-07-30 19:31:32.102114,6639.0
694,2022-07-30 19:31:34.302918,6013.0
695,2022-07-30 19:31:36.418183,6446.0
696,2022-07-30 19:31:38.538001,5854.0
697,2022-07-30 19:31:40.951423,6107.0
698,2022-07-30 19:31:43.320376,6540.0
699,2022-07-30 19:31:45.612759,6451.0
700,2022-07-30 19:31:49.943903,6045.0
701,2022-07-30 19:31:53.397673,6428.0
702,2022-07-30 19:31:55.526209,5949.0
703,2022-07-30 19:32:14.155830,6578.0
704,2022-07-30 19:32:19.994676,6537.0
705,2022-07-30 19:32:23.477617,6172.0
706,2022-07-30 19:32:27.178630,5898.0
707,2022-07-30 19:32:29.363899,5871.0
708,2022-07-30 19:32:32.883395,6616.0
709,2022-07-30 19:32:37.718754,6052.0
710,2022-07-30 19:32:46.071134,5991.0
711,2022-07-30 19:32:48.212081,5880.0
712,2022-07-30 19:32:50.397052,6526.0
713,2022-07-30 19:32:53.508863,5962.0
714,2022-07-30 19:32:57.122581,6189.0
715,2022-07-30 19:33:02.084606,6221.0
716,2022-07-30 19:33:04.304667,5804.0
717,2022-07-30 19:33:14.398684,6352.0
718,2022-07-30 19:33:16.687611,5948.0
719,2022-07-30 19:33:19.723841,6310.0
720,2022-07-30 19:33:21.625038,6328.0
721,2022-07-30 19:33:29.952973,6111.0
722,2022-07-30 19:33:32.233961,6149.0
723,2022-07-30 19:33:34.428865,5874.0
724,2022-07-30 19:33:39.292272,6572.0
725,2022-07-30 19:33:43.811797,6245.0
726,2022-07-30 19:33:46.917981,6579.0
727,2022-07-30 19:33:49.154958,6350.0
728,2022-07-30 19:33:51.436475,5873.0
729,2022-07-30 19:33:53.587977,5838.0
730,2022-07-30 19:33:58.374092,6300.0
731,2022-07-30 19:34:00.592709,6551.0
732,2022-07-30 19:34:03.616865,6565.0
733,2022-07-30 19:34:06.768020,6446.0
734,2022-07-30 19:34:21.781638,6188.0
735,2022-07-30 19:34:28.239019,6223.0
736,2022-07-30 19:34:35.940140,6435.0
737,2022-07-30 19:34:38.038655,6039.0
738,2022-07-30 19:34:47.802236,5894.0
739,2022-07-30 19:34:50.882712,6367.0
740,2022-07-30 19:34:54.146115,5999.0
741,2022-07-30 19:34:57.791988,6575.0
742,2022-07-30 19:34:59.982370,6147.0
743,2022-07-30 19:35:02.146431,6026.0
744,2022-07-30 19:35:05.120456,5855.0
745,2022-07-30 19:35:08.506544,5905.0
746,2022-07-30 19:35:10.612707,5986.0
747,2022-07-30 19:35:12.813617,6564.0
748,2022-07-30 19:35:14.715838,6379.0
749,2022-07-30 19:35:16.848232,6375.0
750,2022-07-30 19:35:19.069910,6583.0
751,2022-07-30 19:35:21.274568,6142.0
752,2022-07-30 19:35:24.814062,6356.0
753,2022-07-30 19:35:28.289825,6434.0
754,2022-07-30 19:35:30.420888,6585.0
755,2022-07-30 19:35:33.815659,6304.0
756,2022-07-30 19:35:38.497778,5884.0
757,2022-07-30 19:35:40.652366,6094.0
758,2022-07-30 19:35:45.014435,6194.0
759,2022-07-30 19:35:47.143155,6405.0
760,2022-07-30 19:35:50.512687,5846.0
761,2022-07-30 19:35:52.706158,6549.0
762,2022-07-30 19:35:54.846209,5915.0
763,2022-07-30 19:35:57.149081,6600.0
764,2022-07-30 19:35:59.326661,6071.0
765,2022-07-30 19:36:05.810004,6217.0
766,2022-07-30 19:36:07.954699,6633.0
767,2022-07-30 19:36:10.156988,6200.0
768,2022-07-30 19:36:14.706898,6577.0
769,2022-07-30 19:36:21.730428,6491.0
770,2022-07-30 19:36:23.930513,6721.0
771,2022-07-30 19:36:31.545368,6402.0
772,2022-07-30 19:36:36.883104,6040.0
773,2022-07-30 19:36:42.542572,5882.0
774,2022-07-30 19:36:45.770839,6377.0
775,2022-07-30 19:36:56.741249,6628.0
776,2022-07-30 19:37:06.813530,6134.0
777,2022-07-30 19:37:11.211191,6628.0
778,2022-07-30 19:37:15.916861,6391.0
779,2022-07-30 19:37:18.072313,5998.0
780,2022-07-30 19:37:36.230842,5884.0
781,2022-07-30 19:37:40.662957,5942.0
782,2022-07-30 19:37:43.629789,6024.0
783,2022-07-30 19:37:45.781240,6134.0
784,2022-07-30 19:37:48.821682,5944.0
785,2022-07-30 19:37:51.856213,6121.0
786,2022-07-30 19:37:54.875621,5915.0
787,2022-07-30 19:37:57.838258,6628.0
788,2022-07-30 19:38:00.900940,5879.0
789,2022-07-30 19:38:04.011163,6412.0
790,2022-07-30 19:38:07.057708,6183.0
791,2022-07-30 19:38:10.103617,5946.0
792,2022-07-30 19:38:15.373989,6118.0
793,2022-07-30 19:38:25.870534,6455.0
794,2022-07-30 19:38:27.997377,5854.0
795,2022-07-30 19:38:36.231855,6098.0
796,2022-07-30 19:38:57.911941,6026.0
797,2022-07-30 19:38:58.980792,6380.0
798,2022-07-30 19:39:01.204904,6097.0
799,2022-07-30 19:39:03.436454,6611.0
800,2022-07-30 19:39:07.742812,6726.0
801,2022-07-30 19:39:10.786289,6385.0
802,2022-07-30 19:39:13.812254,6060.0
803,2022-07-30 19:39:20.929230,5882.0
804,2022-07-30 19:39:23.957934,6663.0
805,2022-07-30 19:39:26.094122,6176.0
806,2022-07-30 19:39:29.233146,6467.0
807,2022-07-30 19:39:31.375630,6490.0
808,2022-07-30 19:39:42.290721,6614.0
809,2022-07-30 19:39:44.421118,6141.0
810,2022-07-30 19:39:47.983669,6186.0
811,2022-07-30 19:39:50.150613,6227.0
812,2022-07-30 19:39:52.254035,6635.0
813,2022-07-30 19:39:55.752741,6298.0
814,2022-07-30 19:39:57.849062,6538.0
815,2022-07-30 19:40:06.587520,7919.0
816,2022-07-30 19:40:08.757852,7245.0
817,2022-07-30 19:40:16.185966,7066.0
818,2022-07-30 19:40:18.534516,7700.0
819,2022-07-30 19:40:21.508448,7593.0
820,2022-07-30 19:40:23.571081,7232.0
821,2022-07-30 19:40:30.690049,7286.0
822,2022-07-30 19:40:34.161132,7126.0
823,2022-07-30 19:40:37.821781,7371.0
824,2022-07-30 19:40:40.857096,7558.0
825,2022-07-30 19:40:46.799903,7891.0
826,2022-07-30 19:40:58.148378,7522.0
827,2022-07-30 19:41:00.451908,7503.0
828,2022-07-30 19:41:03.425337,7346.0
829,2022-07-30 19:41:05.636884,6967.0
830,2022-07-30 19:41:07.979788,7366.0
831,2022-07-30 19:41:11.038659,7471.0
832,2022-07-30 19:41:13.183932,7427.0
833,2022-07-30 19:41:16.171628,7218.0
834,2022-07-30 19:41:18.298500,7650.0
835,2022-07-30 19:41:20.524066,7049.0
836,2022-07-30 19:41:24.859339,7893.0
837,2022-07-30 19:41:26.990516,7292.0
838,2022-07-30 19:41:29.296842,7507.0
839,2022-07-30 19:41:31.462718,7073.0
840,2022-07-30 19:41:33.775870,7924.0
841,2022-07-30 19:41:39.753998,7286.0
842,2022-07-30 19:41:41.890399,7734.0
843,2022-07-30 19:41:44.110795,7637.0
844,2022-07-30 19:41:46.370025,7329.0
845,2022-07-30 19:41:49.534074,7314.0
846,2022-07-30 19:41:55.546864,7261.0
847,2022-07-30 19:42:00.376172,7040.0
848,2022-07-30 19:42:02.655362,7654.0
849,2022-07-30 19:42:12.116825,7239.0
850,2022-07-30 19:42:15.253503,7013.0
851,2022-07-30 19:42:20.900643,7331.0
852,2022-07-30 19:42:23.083239,7889.0
853,2022-07-30 19:42:25.335596,7328.0
854,2022-07-30 19:42:31.002732,7478.0
855,2022-07-30 19:42:34.482387,7894.0
856,2022-07-30 19:42:36.614370,7675.0
857,2022-07-30 19:42:40.942714,7812.0
858,2022-07-30 19:42:43.069296,7314.0
859,2022-07-30 19:42:46.561643,7363.0
860,2022-07-30 19:42:51.790917,7437.0
861,2022-07-30 19:42:54.109998,6373.0
862,2022-07-30 19:42:56.228249,6648.0
863,2022-07-30 19:43:10.702028,6228.0
864,2022-07-30 19:43:13.877387,5946.0
865,2022-07-30 19:43:24.994122,5909.0
866,2022-07-30 19:43:27.173262,6430.0
867,2022-07-30 19:43:29.379010,5894.0
868,2022-07-30 19:43:32.552983,6526.0
869,2022-07-30 19:43:35.645203,6050.0
870,2022-07-30 19:43:37.828192,6773.0
871,2022-07-30 19:43:39.947109,5996.0
872,2022-07-30 19:43:42.065388,5941.0
873,2022-07-30 19:43:44.205019,5882.0
874,2022-07-30 19:43:46.352189,6498.0
875,2022-07-30 19:43:52.159669,6423.0
876,2022-07-30 19:43:55.129379,6018.0
877,2022-07-30 19:43:57.252142,6040.0
878,2022-07-30 19:44:10.840281,5900.0
879,2022-07-30 19:44:13.849273,5995.0
880,2022-07-30 19:44:26.009461,6414.0
881,2022-07-30 19:44:30.462897,6122.0
882,2022-07-30 19:44:43.130086,5802.0
883,2022-07-30 19:44:46.298689,5791.0
884,2022-07-30 19:45:00.021799,6140.0
885,2022-07-30 19:45:04.518986,6130.0
886,2022-07-30 19:45:08.920786,6225.0
887,2022-07-30 19:45:15.678862,6451.0
888,2022-07-30 19:45:20.020602,5961.0
889,2022-07-30 19:45:26.041572,5984.0
890,2022-07-30 19:45:28.356863,5649.0
891,2022-07-30 19:45:38.023335,5670.0
892,2022-07-30 19:45:46.030088,6087.0
893,2022-07-30 19:45:49.004466,6334.0
894,2022-07-30 19:45:52.116327,6144.0
895,2022-07-30 19:46:00.085839,6091.0
896,2022-07-30 19:46:10.049681,6280.0
897,2022-07-30 19:46:12.279866,6350.0
898,2022-07-30 19:46:23.708856,6370.0
899,2022-07-30 19:46:32.271311,6043.0
900,2022-07-30 19:46:40.056956,5778.0
901,2022-07-30 19:46:42.182255,6282.0
902,2022-07-30 19:46:44.372193,6187.0
903,2022-07-30 19:46:46.522206,5742.0
904,2022-07-30 19:46:51.127011,6365.0
905,2022-07-30 19:46:54.111775,5582.0
906,2022-07-30 19:46:56.258891,6208.0
907,2022-07-30 19:46:59.634939,5618.0
908,2022-07-30 19:47:01.779339,6351.0
909,2022-07-30 19:47:06.442783,5699.0
910,2022-07-30 19:47:13.773251,6286.0
911,2022-07-30 19:47:16.978694,5867.0
912,2022-07-30 19:47:20.206742,6322.0
913,2022-07-30 19:47:22.287266,5542.0
914,2022-07-30 19:47:25.477105,5934.0
915,2022-07-30 19:47:28.465003,5700.0
916,2022-07-30 19:47:36.095569,6168.0
917,2022-07-30 19:47:39.378411,6213.0
918,2022-07-30 19:47:50.451403,5690.0
919,2022-07-30 19:47:53.375444,5985.0
920,2022-07-30 19:47:56.401711,5920.0
921,2022-07-30 19:47:57.620754,6415.0
922,2022-07-30 19:48:00.860883,5742.0
923,2022-07-30 19:48:04.352633,6239.0
924,2022-07-30 19:48:06.461468,5576.0
925,2022-07-30 19:48:09.583638,5604.0
926,2022-07-30 19:48:14.751700,6037.0
927,2022-07-30 19:48:17.777394,5943.0
928,2022-07-30 19:48:19.936562,5898.0
929,2022-07-30 19:48:23.085519,5717.0
930,2022-07-30 19:48:28.640834,6391.0
931,2022-07-30 19:48:37.024087,5666.0
932,2022-07-30 19:48:40.768391,5570.0
933,2022-07-30 19:48:42.683363,6075.0
934,2022-07-30 19:48:45.678064,5739.0
935,2022-07-30 19:49:00.682433,5683.0
936,2022-07-30 19:49:03.202818,5735.0
937,2022-07-30 19:49:05.385933,6230.0
938,2022-07-30 19:49:08.359384,5582.0
939,2022-07-30 19:49:24.066704,5816.0
940,2022-07-30 19:49:29.795380,6016.0
941,2022-07-30 19:49:45.742461,5723.0
942,2022-07-30 19:49:51.442007,6171.0
943,2022-07-30 19:49:53.764739,5871.0
944,2022-07-30 19:50:01.239174,5868.0
945,2022-07-30 19:50:04.768446,5804.0
946,2022-07-30 19:50:06.902970,5850.0
947,2022-07-30 19:50:12.130397,5730.0
948,2022-07-30 19:50:17.361011,6215.0
949,2022-07-30 19:50:20.925377,6135.0
950,2022-07-30 19:50:23.974288,5615.0
951,2022-07-30 19:50:27.206357,5742.0
952,2022-07-30 19:50:30.308327,5821.0
953,2022-07-30 19:50:32.495715,5687.0
954,2022-07-30 19:50:34.663898,5789.0
955,2022-07-30 19:50:36.837631,6358.0
956,2022-07-30 19:50:39.007564,5839.0
957,2022-07-30 19:50:41.204561,5634.0
958,2022-07-30 19:50:44.631820,5601.0
959,2022-07-30 19:50:50.555709,6103.0
960,2022-07-30 19:50:52.758899,6459.0
961,2022-07-30 19:50:56.357107,6285.0
962,2022-07-30 19:50:58.471927,6176.0
963,2022-07-30 19:51:00.550724,6239.0
964,2022-07-30 19:51:03.614609,6327.0
965,2022-07-30 19:51:05.783239,6144.0
966,2022-07-30 19:51:07.944382,5934.0
967,2022-07-30 19:51:12.646137,6161.0
968,2022-07-30 19:51:18.270819,6505.0
969,2022-07-30 19:51:24.879670,5656.0
970,2022-07-30 19:51:36.339778,6180.0
971,2022-07-30 19:51:53.079807,6496.0
972,2022-07-30 19:51:56.044561,6415.0
973,2022-07-30 19:51:59.477074,6190.0
974,2022-07-30 19:52:01.667004,6094.0
975,2022-07-30 19:52:06.427474,6228.0
976,2022-07-30 19:52:11.736975,6077.0
977,2022-07-30 19:52:15.050953,5965.0
978,2022-07-30 19:52:20.058766,6048.0
979,2022-07-30 19:52:24.967395,6222.0
980,2022-07-30 19:52:27.238574,6505.0
981,2022-07-30 19:52:29.603094,6509.0
982,2022-07-30 19:52:31.798376,6379.0
983,2022-07-30 19:52:35.110203,6540.0
984,2022-07-30 19:52:41.785470,6311.0
985,2022-07-30 19:52:57.106473,6448.0
986,2022-07-30 19:52:59.347823,6500.0
987,2022-07-30 19:53:09.650079,5706.0
988,2022-07-30 19:53:12.696417,5704.0
989,2022-07-30 19:53:17.508961,6379.0
990,2022-07-30 19:53:20.678734,6610.0
991,2022-07-30 19:53:23.799485,6000.0
992,2022-07-30 19:53:26.879781,6150.0
993,2022-07-30 19:53:29.103138,6227.0
994,2022-07-30 19:53:32.359593,6639.0
995,2022-07-30 19:53:33.490629,6389.0
996,2022-07-30 19:53:35.731366,6415.0
997,2022-07-30 19:53:40.744676,5806.0
998,2022-07-30 19:53:57.102180,5807.0
999,2022-07-30 19:54:03.337510,6065.0
1000,2022-07-30 19:54:05.609769,5840.0
1001,2022-07-30 19:54:09.781588,6436.0
1002,2022-07-30 19:54:12.813734,6127.0
1003,2022-07-30 19:54:16.230655,6559.0
1004,2022-07-30 19:54:18.405959,6062.0
1005,2022-07-30 19:54:20.576931,6435.0
1006,2022-07-30 19:54:22.767020,6149.0
1007,2022-07-30 19:54:26.410500,5895.0
1008,2022-07-30 19:54:28.593643,6599.0
1009,2022-07-30 19:54:31.660892,5986.0
1010,2022-07-30 19:54:33.847387,5810.0
1011,2022-07-30 19:54:36.017412,6408.0
1012,2022-07-30 19:54:38.120490,6047.0
1013,2022-07-30 19:54:41.107799,6280.0
1014,2022-07-30 19:54:43.243412,6558.0
1015,2022-07-30 19:54:46.285449,6499.0
1016,2022-07-30 19:54:48.421775,6399.0
1017,2022-07-30 19:54:50.622041,5727.0
1018,2022-07-30 19:54:52.957623,6058.0
1019,2022-07-30 19:54:55.981168,5741.0
1020,2022-07-30 19:54:58.317745,6461.0
1021,2022-07-30 19:55:01.477051,5916.0
1022,2022-07-30 19:55:12.289638,6489.0
1023,2022-07-30 19:55:19.188436,6242.0
1024,2022-07-30 19:55:21.443850,5871.0
1025,2022-07-30 19:55:24.961854,6044.0
1026,2022-07-30 19:55:27.107519,5852.0
1027,2022-07-30 19:55:29.366967,6252.0
1028,2022-07-30 19:55:32.623752,6291.0
1029,2022-07-30 19:55:43.812895,6140.0
1030,2022-07-30 19:55:46.197213,5877.0
1031,2022-07-30 19:55:49.383707,6473.0
1032,2022-07-30 19:55:52.411228,6016.0
1033,2022-07-30 19:55:55.569108,6142.0
1034,2022-07-30 19:55:58.587156,6246.0
1035,2022-07-30 19:56:09.566590,6559.0
1036,2022-07-30 19:56:12.629668,6474.0
1037,2022-07-30 19:56:15.625731,5793.0
1038,2022-07-30 19:56:18.596011,6632.0
1039,2022-07-30 19:56:32.655454,6411.0
1040,2022-07-30 19:56:35.066980,6043.0
1041,2022-07-30 19:56:43.489688,6271.0
1042,2022-07-30 19:57:01.334362,6404.0
1043,2022-07-30 19:57:03.682340,6008.0
1044,2022-07-30 19:57:06.975573,6442.0
1045,2022-07-30 19:57:11.562642,6208.0
1046,2022-07-30 19:57:29.179633,6113.0
1047,2022-07-30 19:57:38.051988,6406.0
1048,2022-07-30 19:57:40.226487,6708.0
1049,2022-07-30 19:57:43.253174,6225.0
1050,2022-07-30 19:57:46.651741,6497.0
1051,2022-07-30 19:57:48.962740,6560.0
1052,2022-07-30 19:57:52.153618,6303.0
1053,2022-07-30 19:57:57.056648,6038.0
1054,2022-07-30 19:58:02.783728,6578.0
1055,2022-07-30 19:58:04.975910,5985.0
1056,2022-07-30 19:58:09.301632,6311.0
1057,2022-07-30 19:58:12.418406,6030.0
1058,2022-07-30 19:58:15.779670,6654.0
1059,2022-07-30 19:58:19.192245,6371.0
1060,2022-07-30 19:58:21.545019,6172.0
1061,2022-07-30 19:58:23.701336,6607.0
1062,2022-07-30 19:58:31.563337,5988.0
1063,2022-07-30 19:58:34.598772,5924.0
1064,2022-07-30 19:58:48.485166,6452.0
1065,2022-07-30 19:58:56.749779,6802.0
1066,2022-07-30 19:58:58.905074,6358.0
1067,2022-07-30 19:59:01.002834,6424.0
1068,2022-07-30 19:59:03.145782,6063.0
1069,2022-07-30 19:59:07.464526,6230.0
1070,2022-07-30 19:59:09.653997,6566.0
1071,2022-07-30 19:59:12.722237,6769.0
1072,2022-07-30 19:59:21.151639,6338.0
1073,2022-07-30 19:59:24.126370,6456.0
1074,2022-07-30 19:59:28.458192,6541.0
1075,2022-07-30 19:59:33.287783,6745.0
1076,2022-07-30 19:59:36.647837,6363.0
1077,2022-07-30 19:59:39.649415,6030.0
1078,2022-07-30 19:59:42.852972,6519.0
1079,2022-07-30 19:59:45.026110,6490.0
1080,2022-07-30 19:59:53.167216,6264.0
1081,2022-07-30 19:59:55.345195,6348.0
1082,2022-07-30 19:59:59.622587,6109.0
1083,2022-07-30 20:00:12.538129,5850.0
1084,2022-07-30 20:00:21.213904,6257.0
1085,2022-07-30 20:00:26.595437,5921.0
1086,2022-07-30 20:00:28.742905,5841.0
1087,2022-07-30 20:00:31.795391,5767.0
1088,2022-07-30 20:00:36.816016,6219.0
1089,2022-07-30 20:00:41.694831,5642.0
1090,2022-07-30 20:00:43.814051,5912.0
1091,2022-07-30 20:00:50.009103,5687.0
1092,2022-07-30 20:00:53.135379,5967.0
1093,2022-07-30 20:00:56.417636,6291.0
1094,2022-07-30 20:00:59.906660,5718.0
1095,2022-07-30 20:01:06.320607,5674.0
1096,2022-07-30 20:01:08.475667,5818.0
1097,2022-07-30 20:01:14.761215,5817.0
1098,2022-07-30 20:01:17.101930,6180.0
1099,2022-07-30 20:01:24.827627,5938.0
1100,2022-07-30 20:01:27.985973,5701.0
1101,2022-07-30 20:01:30.319185,5599.0
1102,2022-07-30 20:01:32.591891,5502.0
1103,2022-07-30 20:01:34.930863,5859.0
1104,2022-07-30 20:01:39.795484,5525.0
1105,2022-07-30 20:01:42.002687,5298.0
1106,2022-07-30 20:01:45.434583,5772.0
1107,2022-07-30 20:01:47.602065,5924.0
1108,2022-07-30 20:01:49.774978,5725.0
1109,2022-07-30 20:01:54.886737,5704.0
1110,2022-07-30 20:01:58.458682,5596.0
1111,2022-07-30 20:02:00.588238,5758.0
1112,2022-07-30 20:02:02.776944,5976.0
1113,2022-07-30 20:02:04.908080,5443.0
1114,2022-07-30 20:02:07.004437,5510.0
1115,2022-07-30 20:02:11.719470,5533.0
1116,2022-07-30 20:02:14.860785,5414.0
1117,2022-07-30 20:02:19.531569,5327.0
1118,2022-07-30 20:02:21.642556,5290.0
1119,2022-07-30 20:02:24.666487,5629.0
1120,2022-07-30 20:02:26.802934,5425.0
1121,2022-07-30 20:02:29.968672,5727.0
1122,2022-07-30 20:02:34.211920,5476.0
1123,2022-07-30 20:02:38.783209,5405.0
1124,2022-07-30 20:02:52.000919,5654.0
1125,2022-07-30 20:02:55.502243,6010.0
1126,2022-07-30 20:03:05.637526,5342.0
1127,2022-07-30 20:03:13.562756,5552.0
1128,2022-07-30 20:03:16.648380,5989.0
1129,2022-07-30 20:03:19.642310,5551.0
1130,2022-07-30 20:03:21.985261,6007.0
1131,2022-07-30 20:03:25.174765,5464.0
1132,2022-07-30 20:03:44.834233,5194.0
1133,2022-07-30 20:03:46.973949,5600.0
1134,2022-07-30 20:03:49.139227,5180.0
1135,2022-07-30 20:03:57.931232,5477.0
1136,2022-07-30 20:04:01.604518,5820.0
1137,2022-07-30 20:04:03.774733,5869.0
1138,2022-07-30 20:04:08.277417,5675.0
1139,2022-07-30 20:04:15.226980,5669.0
1140,2022-07-30 20:04:18.320616,5274.0
1141,2022-07-30 20:04:20.702637,5155.0
1142,2022-07-30 20:04:23.783163,5920.0
1143,2022-07-30 20:04:30.816742,5506.0
1144,2022-07-30 20:04:32.947328,5467.0
1145,2022-07-30 20:04:35.119353,5289.0
1146,2022-07-30 20:04:37.362855,5232.0
1147,2022-07-30 20:04:45.354415,5826.0
1148,2022-07-30 20:04:55.854028,5179.0
1149,2022-07-30 20:04:58.030937,5929.0
1150,2022-07-30 20:05:20.700728,5901.0
1151,2022-07-30 20:05:24.344732,5266.0
1152,2022-07-30 20:05:29.186142,5347.0
1153,2022-07-30 20:05:31.349604,5271.0
1154,2022-07-30 20:05:35.745035,5747.0
1155,2022-07-30 20:05:38.168999,5498.0
1156,2022-07-30 20:05:41.777826,5150.0
1157,2022-07-30 20:05:46.242564,5096.0
1158,2022-07-30 20:05:49.261279,5186.0
1159,2022-07-30 20:05:52.487981,5399.0
1160,2022-07-30 20:05:55.644005,5155.0
1161,2022-07-30 20:05:57.750972,5175.0
1162,2022-07-30 20:06:01.089818,5895.0
1163,2022-07-30 20:06:06.728338,5307.0
1164,2022-07-30 20:06:08.878547,5852.0
1165,2022-07-30 20:06:11.015956,5250.0
1166,2022-07-30 20:06:13.153588,5520.0
1167,2022-07-30 20:06:16.308300,5659.0
1168,2022-07-30 20:06:18.455011,5599.0
1169,2022-07-30 20:06:23.821436,5879.0
1170,2022-07-30 20:06:26.031815,5222.0
1171,2022-07-30 20:06:29.248953,5531.0
1172,2022-07-30 20:06:41.308780,5875.0
1173,2022-07-30 20:06:43.438869,5455.0
1174,2022-07-30 20:06:48.644985,5844.0
1175,2022-07-30 20:06:50.765153,5885.0
1176,2022-07-30 20:06:54.150851,5226.0
1177,2022-07-30 20:06:56.313442,5676.0
1178,2022-07-30 20:07:02.031949,5484.0
1179,2022-07-30 20:07:05.500413,5152.0
1180,2022-07-30 20:07:07.572506,5664.0
1181,2022-07-30 20:07:09.705578,5688.0
1182,2022-07-30 20:07:16.654922,5908.0
1183,2022-07-30 20:07:18.781676,5845.0
1184,2022-07-30 20:07:21.765247,5889.0
1185,2022-07-30 20:07:25.233939,5464.0
1186,2022-07-30 20:07:28.376185,5602.0
1187,2022-07-30 20:07:32.900935,5575.0
1188,2022-07-30 20:07:36.337834,5856.0
1189,2022-07-30 20:07:39.509600,5501.0
1190,2022-07-30 20:07:46.378146,5389.0
1191,2022-07-30 20:07:57.118137,5218.0
1192,2022-07-30 20:08:01.514911,5508.0
1193,2022-07-30 20:08:07.460694,5509.0
1194,2022-07-30 20:08:09.611666,5533.0
1195,2022-07-30 20:08:14.165027,5223.0
1196,2022-07-30 20:08:20.733008,5909.0
1197,2022-07-30 20:08:23.190276,5384.0
1198,2022-07-30 20:08:46.907994,5551.0
1199,2022-07-30 20:08:51.181953,5236.0
1200,2022-07-30 20:08:53.334062,5672.0
1201,2022-07-30 20:08:57.603224,5471.0
1202,2022-07-30 20:09:14.642365,5317.0
1203,2022-07-30 20:09:19.257039,5384.0
1204,2022-07-30 20:09:21.456598,5734.0
1205,2022-07-30 20:09:24.596589,5236.0
1206,2022-07-30 20:09:38.606428,5344.0
1207,2022-07-30 20:09:40.796201,5422.0
1208,2022-07-30 20:09:45.385397,5761.0
1209,2022-07-30 20:09:55.088933,5498.0
1210,2022-07-30 20:10:11.296255,5331.0
1211,2022-07-30 20:10:15.491310,5478.0
1212,2022-07-30 20:10:18.913447,5838.0
1213,2022-07-30 20:10:21.028661,5588.0
1214,2022-07-30 20:10:23.142931,5714.0
1215,2022-07-30 20:10:29.917678,5389.0
1216,2022-07-30 20:10:35.571110,5471.0
1217,2022-07-30 20:10:37.655572,5734.0
1218,2022-07-30 20:10:39.842279,5441.0
1219,2022-07-30 20:10:42.998813,5242.0
1220,2022-07-30 20:10:46.085184,5436.0
1221,2022-07-30 20:10:48.023303,5919.0
1222,2022-07-30 20:10:51.114115,5442.0
1223,2022-07-30 20:10:57.249559,5716.0
1224,2022-07-30 20:10:59.384980,5961.0
1225,2022-07-30 20:11:08.014079,5716.0
1226,2022-07-30 20:11:11.612919,5264.0
1227,2022-07-30 20:11:14.620428,5493.0
1228,2022-07-30 20:11:16.751294,5838.0
1229,2022-07-30 20:11:21.482424,5810.0
1230,2022-07-30 20:11:34.402965,5590.0
1231,2022-07-30 20:11:43.319323,5363.0
1232,2022-07-30 20:11:47.976035,5240.0
1233,2022-07-30 20:11:56.839754,5989.0
1234,2022-07-30 20:12:01.340645,5277.0
1235,2022-07-30 20:12:08.231911,5208.0
1236,2022-07-30 20:12:14.547572,5526.0
1237,2022-07-30 20:12:16.921531,5246.0
1238,2022-07-30 20:12:19.209892,5870.0
1239,2022-07-30 20:12:21.280039,5717.0
1240,2022-07-30 20:12:24.237244,5751.0
1241,2022-07-30 20:12:28.635560,5253.0
1242,2022-07-30 20:12:42.828593,5715.0
1243,2022-07-30 20:12:48.393200,5766.0
1244,2022-07-30 20:13:03.247558,5891.0
1245,2022-07-30 20:13:05.496878,5204.0
1246,2022-07-30 20:13:07.819522,5572.0
1247,2022-07-30 20:13:11.110686,5835.0
1248,2022-07-30 20:13:14.419061,5232.0
1249,2022-07-30 20:13:26.300421,5943.0
1250,2022-07-30 20:13:29.267975,5722.0
1251,2022-07-30 20:13:35.432585,5415.0
1252,2022-07-30 20:13:44.557528,5876.0
1253,2022-07-30 20:13:51.140723,5183.0
1254,2022-07-30 20:13:53.456529,4945.0
1255,2022-07-30 20:14:05.209866,5577.0
1256,2022-07-30 20:14:07.312194,5135.0
1257,2022-07-30 20:14:09.472757,5465.0
1258,2022-07-30 20:14:12.889288,5062.0
1259,2022-07-30 20:14:17.126646,5149.0
1260,2022-07-30 20:14:19.165419,5469.0
1261,2022-07-30 20:14:21.255843,5257.0
1262,2022-07-30 20:14:25.646693,5724.0
1263,2022-07-30 20:14:29.316183,5315.0
1264,2022-07-30 20:14:32.851307,5214.0
1265,2022-07-30 20:14:40.205298,5231.0
1266,2022-07-30 20:14:58.139107,5210.0
1267,2022-07-30 20:15:01.547155,5325.0
1268,2022-07-30 20:15:16.695895,5525.0
1269,2022-07-30 20:15:19.625897,5197.0
1270,2022-07-30 20:15:43.798094,5229.0
1271,2022-07-30 20:15:47.398681,5286.0
1272,2022-07-30 20:15:54.851546,5030.0
1273,2022-07-30 20:15:59.132258,5098.0
1274,2022-07-30 20:16:02.176549,5623.0
1275,2022-07-30 20:16:06.543887,5310.0
1276,2022-07-30 20:16:09.769625,5233.0
1277,2022-07-30 20:16:20.265585,5457.0
1278,2022-07-30 20:16:22.370266,5248.0
1279,2022-07-30 20:16:24.525246,5017.0
1280,2022-07-30 20:16:30.489693,5093.0
1281,2022-07-30 20:16:33.886349,5272.0
1282,2022-07-30 20:16:43.234567,5693.0
1283,2022-07-30 20:16:46.678167,5270.0
1284,2022-07-30 20:16:49.799289,5135.0
1285,2022-07-30 20:16:56.303626,5201.0
1286,2022-07-30 20:16:58.437309,5590.0
1287,2022-07-30 20:17:00.569563,5075.0
1288,2022-07-30 20:17:03.056927,5364.0
1289,2022-07-30 20:17:05.262317,5099.0
1290,2022-07-30 20:17:10.700032,5567.0
1291,2022-07-30 20:17:19.536000,4931.0
1292,2022-07-30 20:17:21.708457,5042.0
1293,2022-07-30 20:17:38.426510,5094.0
1294,2022-07-30 20:17:47.486248,5578.0
1295,2022-07-30 20:17:50.996602,5106.0
1296,2022-07-30 20:17:53.104510,5653.0
1297,2022-07-30 20:18:00.402645,5222.0
1298,2022-07-30 20:18:04.430550,5263.0
1299,2022-07-30 20:18:15.340212,5464.0
1300,2022-07-30 20:18:17.416885,5421.0
1301,2022-07-30 20:18:22.099344,5669.0
1302,2022-07-30 20:18:33.438464,5770.0
1303,2022-07-30 20:18:39.916330,5296.0
1304,2022-07-30 20:18:43.310251,5125.0
1305,2022-07-30 20:18:55.900796,5849.0
1306,2022-07-30 20:19:05.825258,5724.0
1307,2022-07-30 20:19:08.012494,5589.0
1308,2022-07-30 20:19:10.436359,5728.0
1309,2022-07-30 20:19:13.669050,5141.0
1310,2022-07-30 20:19:15.947573,5684.0
1311,2022-07-30 20:19:42.848582,5411.0
1312,2022-07-30 20:19:45.781644,5497.0
1313,2022-07-30 20:19:53.319951,5756.0
1314,2022-07-30 20:19:55.477986,5912.0
1315,2022-07-30 20:19:57.662520,5556.0
1316,2022-07-30 20:20:04.990023,5872.0
1317,2022-07-30 20:20:10.477643,5572.0
1318,2022-07-30 20:20:17.618195,6084.0
1319,2022-07-30 20:20:20.641285,5870.0
1320,2022-07-30 20:20:25.563340,5919.0
1321,2022-07-30 20:20:46.863052,6091.0
1322,2022-07-30 20:20:51.524532,6012.0
1323,2022-07-30 20:21:10.629937,5382.0
1324,2022-07-30 20:21:12.747101,5826.0
1325,2022-07-30 20:21:19.790442,5362.0
1326,2022-07-30 20:21:22.770706,5575.0
1327,2022-07-30 20:21:24.938037,6077.0
1328,2022-07-30 20:21:39.835832,5674.0
1329,2022-07-30 20:21:44.059081,6303.0
1330,2022-07-30 20:21:47.049541,5695.0
1331,2022-07-30 20:21:58.278229,6201.0
1332,2022-07-30 20:22:05.493328,5835.0
1333,2022-07-30 20:22:33.392036,5910.0
1334,2022-07-30 20:23:02.936000,5659.0
1335,2022-07-30 20:23:17.151923,5706.0
1336,2022-07-30 20:23:20.744566,5914.0
1337,2022-07-30 20:23:24.175020,5669.0
1338,2022-07-30 20:23:27.723382,6114.0
1339,2022-07-30 20:23:48.644875,6220.0
1340,2022-07-30 20:24:02.051830,5704.0
1341,2022-07-30 20:24:06.347322,5629.0
1342,2022-07-30 20:24:08.652321,5528.0
1343,2022-07-30 20:24:22.438700,5734.0
1344,2022-07-30 20:24:42.070647,5966.0
1345,2022-07-30 20:24:57.731380,6369.0
1346,2022-07-30 20:24:59.815909,5560.0
1347,2022-07-30 20:25:13.223532,6189.0
1348,2022-07-30 20:25:15.172184,5566.0
1349,2022-07-30 20:25:22.815607,5871.0
1350,2022-07-30 20:25:27.479487,6050.0
1351,2022-07-30 20:25:41.926274,5934.0
1352,2022-07-30 20:25:44.920938,5677.0
1353,2022-07-30 20:25:47.010897,6006.0
1354,2022-07-30 20:25:51.227580,5576.0
1355,2022-07-30 20:25:55.483839,5831.0
1356,2022-07-30 20:25:58.951608,6251.0
1357,2022-07-30 20:26:06.892659,6198.0
1358,2022-07-30 20:26:43.900948,5686.0
1359,2022-07-30 20:26:47.274388,6448.0
1360,2022-07-30 20:27:04.978035,6382.0
1361,2022-07-30 20:27:09.924081,5875.0
1362,2022-07-30 20:27:16.764804,6060.0
1363,2022-07-30 20:27:19.734664,5872.0
1364,2022-07-30 20:27:29.695492,5624.0
1365,2022-07-30 20:27:35.700206,6076.0
1366,2022-07-30 20:27:37.632210,6242.0
1367,2022-07-30 20:27:48.684459,5998.0
1368,2022-07-30 20:27:52.826970,6033.0
1369,2022-07-30 20:27:59.633520,6024.0
1370,2022-07-30 20:28:04.009324,5653.0
1371,2022-07-30 20:28:06.058535,5812.0
1372,2022-07-30 20:28:19.732043,6069.0
1373,2022-07-30 20:28:25.399091,5944.0
1374,2022-07-30 20:28:43.525960,6602.0
1375,2022-07-30 20:28:49.264852,5748.0
1376,2022-07-30 20:28:52.259985,6039.0
1377,2022-07-30 20:28:58.604692,6600.0
1378,2022-07-30 20:29:00.722322,6237.0
1379,2022-07-30 20:29:04.085049,6272.0
1380,2022-07-30 20:29:17.131933,5998.0
1381,2022-07-30 20:29:19.208055,6143.0
1382,2022-07-30 20:29:21.306593,5906.0
1383,2022-07-30 20:29:28.883468,6017.0
1384,2022-07-30 20:29:33.663949,5810.0
1385,2022-07-30 20:29:44.342659,6587.0
1386,2022-07-30 20:29:46.423698,6547.0
1387,2022-07-30 20:29:52.247748,5729.0
1388,2022-07-30 20:29:54.306032,6047.0
1389,2022-07-30 20:29:57.191575,6239.0
1390,2022-07-30 20:30:00.322442,5731.0
1391,2022-07-30 20:30:03.506901,5857.0
1392,2022-07-30 20:30:06.886650,6353.0
1393,2022-07-30 20:30:11.178040,6099.0
1394,2022-07-30 20:30:20.346908,6539.0
1395,2022-07-30 20:30:23.256909,6263.0
1396,2022-07-30 20:30:25.425938,6443.0
1397,2022-07-30 20:30:27.990399,6284.0
1398,2022-07-30 20:30:34.895630,6536.0
1399,2022-07-30 20:30:37.010974,6098.0
1400,2022-07-30 20:30:42.571821,5933.0
1401,2022-07-30 20:30:46.954424,5877.0
1402,2022-07-30 20:30:54.404930,5763.0
1403,2022-07-30 20:30:57.450121,6363.0
1404,2022-07-30 20:31:02.469469,6313.0
1405,2022-07-30 20:31:05.807675,6242.0
1406,2022-07-30 20:31:08.756727,5783.0
1407,2022-07-30 20:31:10.671984,6026.0
1408,2022-07-30 20:31:17.525901,5907.0
1409,2022-07-30 20:31:21.927850,5954.0
1410,2022-07-30 20:31:27.679205,6018.0
1411,2022-07-30 20:31:31.014971,6081.0
1412,2022-07-30 20:31:37.841252,6380.0
1413,2022-07-30 20:31:39.420564,6457.0
1414,2022-07-30 20:31:43.541648,6636.0
1415,2022-07-30 20:31:48.826256,6455.0
1416,2022-07-30 20:31:50.724538,6223.0
1417,2022-07-30 20:31:52.808008,6424.0
1418,2022-07-30 20:31:56.150981,6633.0
1419,2022-07-30 20:32:00.742038,5981.0
1420,2022-07-30 20:32:02.850711,6534.0
1421,2022-07-30 20:32:06.234328,5917.0
1422,2022-07-30 20:32:09.259485,6463.0
1423,2022-07-30 20:32:12.404769,6542.0
1424,2022-07-30 20:32:18.202640,6319.0
1425,2022-07-30 20:32:26.658558,6415.0
1426,2022-07-30 20:32:29.747079,6277.0
1427,2022-07-30 20:32:38.245817,5956.0
1428,2022-07-30 20:32:41.581263,5984.0
1429,2022-07-30 20:32:49.768332,6231.0
1430,2022-07-30 20:32:51.136188,6002.0
1431,2022-07-30 20:32:52.180281,6200.0
1432,2022-07-30 20:32:54.258103,6475.0
1433,2022-07-30 20:32:56.391669,6578.0
1434,2022-07-30 20:33:00.765562,5916.0
1435,2022-07-30 20:33:02.844901,6416.0
1436,2022-07-30 20:33:12.784338,6689.0
1437,2022-07-30 20:33:16.095945,6223.0
1438,2022-07-30 20:33:19.031972,5967.0
1439,2022-07-30 20:33:24.101897,6089.0
1440,2022-07-30 20:33:26.008852,6480.0
1441,2022-07-30 20:33:28.210022,6477.0
1442,2022-07-30 20:33:31.546761,6130.0
1443,2022-07-30 20:33:39.551779,6185.0
1444,2022-07-30 20:33:41.990065,6327.0
1445,2022-07-30 20:33:46.165569,6589.0
1446,2022-07-30 20:33:48.072028,6748.0
1447,2022-07-30 20:33:50.195178,5910.0
1448,2022-07-30 20:33:55.628303,6137.0
1449,2022-07-30 20:33:59.176283,6266.0
1450,2022-07-30 20:34:02.161740,7855.0
1451,2022-07-30 20:34:04.398267,7434.0
1452,2022-07-30 20:34:13.411728,7812.0
1453,2022-07-30 20:34:15.696068,7225.0
1454,2022-07-30 20:34:17.882169,7693.0
1455,2022-07-30 20:34:23.770472,7433.0
1456,2022-07-30 20:34:28.716477,7790.0
1457,2022-07-30 20:34:33.982922,7340.0
1458,2022-07-30 20:34:36.264706,7362.0
1459,2022-07-30 20:34:38.396594,7519.0
1460,2022-07-30 20:34:41.050242,7803.0
1461,2022-07-30 20:34:46.137986,6986.0
1462,2022-07-30 20:34:48.422053,6893.0
1463,2022-07-30 20:34:51.843406,7040.0
1464,2022-07-30 20:34:53.965005,7162.0
1465,2022-07-30 20:34:59.773239,7796.0
1466,2022-07-30 20:35:00.839259,7079.0
1467,2022-07-30 20:35:02.966078,7725.0
1468,2022-07-30 20:35:04.058256,7319.0
1469,2022-07-30 20:35:15.089220,7540.0
1470,2022-07-30 20:35:19.717841,7573.0
1471,2022-07-30 20:35:21.814018,7637.0
1472,2022-07-30 20:35:22.910194,7438.0
1473,2022-07-30 20:35:27.351033,6342.0
1474,2022-07-30 20:35:29.503343,5749.0
1475,2022-07-30 20:35:34.019416,6537.0
1476,2022-07-30 20:35:36.302371,5735.0
1477,2022-07-30 20:35:40.450898,6328.0
1478,2022-07-30 20:35:41.500824,6434.0
1479,2022-07-30 20:35:43.785876,6137.0
1480,2022-07-30 20:35:45.911580,6309.0
1481,2022-07-30 20:35:48.257032,6514.0
1482,2022-07-30 20:35:50.474135,6459.0
1483,2022-07-30 20:35:53.440432,6526.0
1484,2022-07-30 20:35:56.849324,5996.0
1485,2022-07-30 20:35:59.106242,5886.0
1486,2022-07-30 20:36:02.078692,5898.0
1487,2022-07-30 20:36:04.221091,6395.0
1488,2022-07-30 20:36:05.296657,6183.0
1489,2022-07-30 20:36:08.884319,6206.0
1490,2022-07-30 20:36:11.024284,6124.0
1491,2022-07-30 20:36:16.021467,6442.0
1492,2022-07-30 20:36:17.068902,6191.0
1493,2022-07-30 20:36:21.656484,6201.0
1494,2022-07-30 20:36:23.567461,5600.0
1495,2022-07-30 20:36:25.690625,6113.0
1496,2022-07-30 20:36:30.317057,6449.0
1497,2022-07-30 20:36:32.169656,5829.0
1498,2022-07-30 20:36:33.228225,5775.0
1499,2022-07-30 20:36:58.922046,6076.0
1500,2022-07-30 20:37:04.732557,5792.0
1501,2022-07-30 20:37:08.094901,5832.0
1502,2022-07-30 20:37:10.167858,5692.0
1503,2022-07-30 20:37:13.181761,6241.0
1504,2022-07-30 20:37:17.543768,6429.0
1505,2022-07-30 20:37:20.484247,5773.0
1506,2022-07-30 20:37:22.593606,5644.0
1507,2022-07-30 20:37:26.126910,5756.0
1508,2022-07-30 20:37:27.198403,6170.0
1509,2022-07-30 20:37:30.540244,5894.0
1510,2022-07-30 20:37:33.894374,6017.0
1511,2022-07-30 20:37:36.025456,5850.0
1512,2022-07-30 20:37:38.121912,6020.0
1513,2022-07-30 20:37:40.312326,6230.0
1514,2022-07-30 20:37:42.440213,6189.0
1515,2022-07-30 20:37:44.335076,5817.0
1516,2022-07-30 20:37:46.239506,5931.0
1517,2022-07-30 20:37:48.366842,6403.0
1518,2022-07-30 20:37:52.800413,6252.0
1519,2022-07-30 20:37:55.758724,6487.0
1520,2022-07-30 20:37:58.837214,6280.0
1521,2022-07-30 20:38:03.123884,6489.0
1522,2022-07-30 20:38:06.441528,6144.0
1523,2022-07-30 20:38:08.755685,6292.0
1524,2022-07-30 20:38:24.999567,5987.0
1525,2022-07-30 20:38:36.601260,6462.0
1526,2022-07-30 20:38:38.705559,5699.0
1527,2022-07-30 20:38:40.829309,5815.0
1528,2022-07-30 20:38:45.100676,6167.0
1529,2022-07-30 20:38:54.395343,5781.0
1530,2022-07-30 20:38:56.727608,5836.0
1531,2022-07-30 20:39:00.124015,6517.0
1532,2022-07-30 20:39:04.828621,5926.0
1533,2022-07-30 20:39:05.869548,5696.0
1534,2022-07-30 20:39:06.924289,6442.0
1535,2022-07-30 20:39:09.858522,6212.0
1536,2022-07-30 20:39:12.865172,5765.0
1537,2022-07-30 20:39:14.986840,5959.0
1538,2022-07-30 20:39:25.254952,5737.0
1539,2022-07-30 20:39:27.605679,6525.0
1540,2022-07-30 20:39:28.686935,6058.0
1541,2022-07-30 20:39:39.679273,6021.0
1542,2022-07-30 20:39:42.036863,6212.0
1543,2022-07-30 20:39:43.100570,6522.0
1544,2022-07-30 20:39:46.228213,6309.0
1545,2022-07-30 20:39:53.992808,6242.0
1546,2022-07-30 20:40:04.199691,6558.0
1547,2022-07-30 20:40:09.870780,6251.0
1548,2022-07-30 20:40:16.237660,6018.0
1549,2022-07-30 20:40:22.751984,5979.0
1550,2022-07-30 20:40:25.811018,6110.0
1551,2022-07-30 20:40:34.849644,6371.0
1552,2022-07-30 20:40:35.910029,6039.0
1553,2022-07-30 20:40:37.012033,5728.0
1554,2022-07-30 20:40:39.384293,5898.0
1555,2022-07-30 20:40:41.478287,5831.0
1556,2022-07-30 20:40:45.031679,5677.0
1557,2022-07-30 20:40:48.495251,5819.0
1558,2022-07-30 20:40:51.441372,5871.0
1559,2022-07-30 20:40:53.798423,6220.0
1560,2022-07-30 20:41:03.918129,6115.0
1561,2022-07-30 20:41:07.935449,5685.0
1562,2022-07-30 20:41:13.865538,6211.0
1563,2022-07-30 20:41:20.807799,6013.0
1564,2022-07-30 20:41:22.913867,5795.0
1565,2022-07-30 20:41:25.050641,6106.0
1566,2022-07-30 20:41:32.165110,5973.0
1567,2022-07-30 20:41:37.799250,5976.0
1568,2022-07-30 20:41:39.715306,6301.0
1569,2022-07-30 20:41:42.141702,6206.0
1570,2022-07-30 20:41:44.200212,6248.0
1571,2022-07-30 20:41:46.466993,6130.0
1572,2022-07-30 20:41:48.670489,5939.0
1573,2022-07-30 20:41:50.782938,5877.0
1574,2022-07-30 20:41:54.109020,5913.0
1575,2022-07-30 20:41:56.386016,5710.0
1576,2022-07-30 20:41:58.518122,5662.0
1577,2022-07-30 20:41:59.565640,6170.0
1578,2022-07-30 20:42:01.720652,6243.0
1579,2022-07-30 20:42:04.834511,5842.0
1580,2022-07-30 20:42:05.903645,6487.0
1581,2022-07-30 20:42:09.710621,6187.0
1582,2022-07-30 20:42:14.038953,6211.0
1583,2022-07-30 20:42:16.137100,5763.0
1584,2022-07-30 20:42:17.218621,5810.0
1585,2022-07-30 20:42:20.865192,6176.0
1586,2022-07-30 20:42:25.992237,5934.0
1587,2022-07-30 20:42:28.101092,5698.0
1588,2022-07-30 20:42:31.054251,6072.0
1589,2022-07-30 20:42:33.192365,5775.0
1590,2022-07-30 20:42:37.384768,5855.0
1591,2022-07-30 20:42:39.472581,6483.0
1592,2022-07-30 20:42:53.480261,6084.0
1593,2022-07-30 20:42:56.509668,6177.0
1594,2022-07-30 20:42:58.663087,5752.0
1595,2022-07-30 20:43:02.290162,6007.0
1596,2022-07-30 20:43:05.874205,6112.0
1597,2022-07-30 20:43:08.127171,6471.0
1598,2022-07-30 20:43:12.498933,5963.0
1599,2022-07-30 20:43:19.332807,5917.0
1600,2022-07-30 20:43:35.390822,6391.0
1601,2022-07-30 20:43:37.464608,6221.0
1602,2022-07-30 20:43:39.358224,6327.0
1603,2022-07-30 20:43:47.784289,6513.0
1604,2022-07-30 20:43:50.947762,5860.0
1605,2022-07-30 20:44:06.556301,6201.0
1606,2022-07-30 20:44:11.591674,6124.0
1607,2022-07-30 20:44:18.580659,5852.0
1608,2022-07-30 20:44:24.726262,6465.0
1609,2022-07-30 20:44:26.824888,6054.0
1610,2022-07-30 20:44:29.331674,6216.0
1611,2022-07-30 20:44:33.931932,5813.0
1612,2022-07-30 20:44:36.030824,6371.0
1613,2022-07-30 20:44:37.919504,6265.0
1614,2022-07-30 20:44:40.174601,6577.0
1615,2022-07-30 20:44:43.260570,5970.0
1616,2022-07-30 20:44:46.208250,6506.0
1617,2022-07-30 20:44:52.560025,6321.0
1618,2022-07-30 20:45:15.243504,6026.0
1619,2022-07-30 20:45:17.340335,6324.0
1620,2022-07-30 20:45:20.351067,6181.0
1621,2022-07-30 20:45:22.446578,5870.0
1622,2022-07-30 20:45:24.587256,6579.0
1623,2022-07-30 20:45:36.941659,6630.0
1624,2022-07-30 20:45:47.797585,5737.0
1625,2022-07-30 20:45:58.385214,5854.0
1626,2022-07-30 20:46:06.843885,6468.0
1627,2022-07-30 20:46:08.945665,5858.0
1628,2022-07-30 20:46:14.217703,6390.0
1629,2022-07-30 20:46:19.536679,6265.0
1630,2022-07-30 20:46:27.546558,6069.0
1631,2022-07-30 20:46:29.699767,5638.0
1632,2022-07-30 20:46:37.064623,6036.0
1633,2022-07-30 20:46:44.123199,5764.0
1634,2022-07-30 20:46:47.034236,6378.0
1635,2022-07-30 20:46:51.515272,5965.0
1636,2022-07-30 20:46:53.665670,6423.0
1637,2022-07-30 20:46:55.840579,5924.0
1638,2022-07-30 20:47:02.297147,5801.0
1639,2022-07-30 20:47:04.424355,6139.0
1640,2022-07-30 20:47:10.936934,5705.0
1641,2022-07-30 20:47:32.849805,5958.0
1642,2022-07-30 20:47:41.137855,6261.0
1643,2022-07-30 20:47:57.011991,5861.0
1644,2022-07-30 20:48:12.597828,5701.0
1645,2022-07-30 20:48:24.953929,5766.0
1646,2022-07-30 20:48:41.028839,6370.0
1647,2022-07-30 20:48:43.964764,5679.0
1648,2022-07-30 20:48:46.963424,6151.0
1649,2022-07-30 20:48:49.775337,6023.0
1650,2022-07-30 20:48:53.980944,5659.0
1651,2022-07-30 20:48:55.050939,5918.0
1652,2022-07-30 20:48:56.132514,6432.0
1653,2022-07-30 20:48:57.154878,6236.0
1654,2022-07-30 20:49:10.791121,6508.0
1655,2022-07-30 20:49:16.614868,5656.0
1656,2022-07-30 20:49:41.701543,5636.0
1657,2022-07-30 20:49:46.120069,6177.0
1658,2022-07-30 20:49:51.733069,6078.0
1659,2022-07-30 20:49:56.271994,6160.0
1660,2022-07-30 20:50:25.162593,6121.0
1661,2022-07-30 20:50:29.594179,6099.0
1662,2022-07-30 20:50:30.653642,6198.0
1663,2022-07-30 20:50:31.696963,6443.0
1664,2022-07-30 20:50:32.775539,6390.0
1665,2022-07-30 20:50:35.056830,5825.0
1666,2022-07-30 20:50:37.162485,6231.0
1667,2022-07-30 20:50:39.031585,6272.0
1668,2022-07-30 20:50:40.923748,5884.0
1669,2022-07-30 20:50:42.000774,5917.0
1670,2022-07-30 20:50:43.945131,6110.0
1671,2022-07-30 20:50:45.027641,5817.0
1672,2022-07-30 20:50:47.114110,6137.0
1673,2022-07-30 20:50:50.031242,6597.0
1674,2022-07-30 20:50:51.987922,6052.0
1675,2022-07-30 20:50:53.102173,5825.0
1676,2022-07-30 20:50:55.226306,6471.0
1677,2022-07-30 20:50:57.332038,6507.0
1678,2022-07-30 20:50:59.948427,6002.0
1679,2022-07-30 20:51:01.018962,6079.0
1680,2022-07-30 20:51:03.306690,6104.0
1681,2022-07-30 20:51:05.379849,6439.0
1682,2022-07-30 20:51:08.292440,5898.0
1683,2022-07-30 20:51:09.358396,6292.0
1684,2022-07-30 20:51:11.527972,6467.0
1685,2022-07-30 20:51:14.507933,6324.0
1686,2022-07-30 20:51:16.786045,5906.0
1687,2022-07-30 20:51:18.674531,5902.0
1688,2022-07-30 20:51:25.181841,5945.0
1689,2022-07-30 20:51:26.602444,6419.0
1690,2022-07-30 20:51:28.934563,5958.0
1691,2022-07-30 20:51:31.249390,6330.0
1692,2022-07-30 20:51:46.021973,6292.0
1693,2022-07-30 20:51:48.144142,6347.0
1694,2022-07-30 20:51:53.532635,6698.0
1695,2022-07-30 20:52:02.070430,6172.0
1696,2022-07-30 20:52:04.369827,6164.0
1697,2022-07-30 20:52:08.964375,6098.0
1698,2022-07-30 20:52:11.867171,6412.0
1699,2022-07-30 20:52:14.961599,6652.0
1700,2022-07-30 20:52:17.922449,6317.0
1701,2022-07-30 20:52:20.034760,6662.0
1702,2022-07-30 20:52:21.908778,6248.0
1703,2022-07-30 20:52:23.972429,6073.0
1704,2022-07-30 20:52:30.583983,6545.0
1705,2022-07-30 20:52:34.587012,6767.0
1706,2022-07-30 20:52:36.655141,6669.0
1707,2022-07-30 20:52:42.669884,6356.0
1708,2022-07-30 20:52:48.887472,6488.0
1709,2022-07-30 20:52:57.231093,7590.0
1710,2022-07-30 20:53:03.306124,7321.0
1711,2022-07-30 20:53:08.306548,7106.0
1712,2022-07-30 20:53:10.181159,7278.0
1713,2022-07-30 20:53:15.901215,7793.0
1714,2022-07-30 20:53:25.806016,7726.0
1715,2022-07-30 20:53:27.956252,7487.0
1716,2022-07-30 20:53:45.572488,7257.0
1717,2022-07-30 20:53:50.318022,6918.0
1718,2022-07-30 20:53:52.777345,6972.0
1719,2022-07-30 20:53:54.279545,7896.0
1720,2022-07-30 20:53:58.612544,6955.0
1721,2022-07-30 20:54:00.741477,7186.0
1722,2022-07-30 20:54:05.670070,7747.0
1723,2022-07-30 20:54:08.031435,7510.0
1724,2022-07-30 20:54:10.108296,7483.0
1725,2022-07-30 20:54:12.252771,6971.0
1726,2022-07-30 20:54:14.507176,7612.0
1727,2022-07-30 20:54:16.573094,7511.0
1728,2022-07-30 20:54:19.713486,7114.0
1729,2022-07-30 20:54:28.616766,7436.0
1730,2022-07-30 20:54:30.943376,7710.0
1731,2022-07-30 20:54:33.261596,6923.0
1732,2022-07-30 20:54:36.492741,7155.0
1733,2022-07-30 20:54:41.840540,7355.0
1734,2022-07-30 20:54:43.951814,7432.0
1735,2022-07-30 20:54:48.448865,7042.0
1736,2022-07-30 20:54:50.628960,7133.0
1737,2022-07-30 20:54:55.118739,7490.0
1738,2022-07-30 20:54:57.495130,7399.0
1739,2022-07-30 20:55:00.905931,7245.0
1740,2022-07-30 20:55:08.634611,7948.0
1741,2022-07-30 20:55:10.754906,7311.0
1742,2022-07-30 20:55:13.771957,7395.0
1743,2022-07-30 20:55:15.890584,7433.0
1744,2022-07-30 20:55:18.039154,7180.0
1745,2022-07-30 20:55:20.161304,7786.0
1746,2022-07-30 20:55:23.691857,7371.0
1747,2022-07-30 20:55:25.860308,7423.0
1748,2022-07-30 20:55:28.025107,7121.0
1749,2022-07-30 20:55:31.020752,7980.0
1750,2022-07-30 20:55:34.026485,7371.0
1751,2022-07-30 20:55:36.245448,6872.0
1752,2022-07-30 20:55:38.329037,7451.0
1753,2022-07-30 20:55:40.431160,7662.0
1754,2022-07-30 20:55:42.622477,7789.0
1755,2022-07-30 20:55:44.761579,7771.0
1756,2022-07-30 20:55:47.931441,7595.0
1757,2022-07-30 20:55:50.897267,7949.0
1758,2022-07-30 20:55:53.968875,7804.0
1759,2022-07-30 20:55:56.123739,7824.0
1760,2022-07-30 20:55:59.558482,7810.0
1761,2022-07-30 20:56:03.801944,7001.0
1762,2022-07-30 20:56:08.894446,7279.0
1763,2022-07-30 20:56:15.569670,7223.0
1764,2022-07-30 20:56:19.472519,7288.0
1765,2022-07-30 20:56:22.388790,7833.0
1766,2022-07-30 20:56:24.693821,7465.0
1767,2022-07-30 20:56:26.748617,7592.0
1768,2022-07-30 20:56:31.041890,7358.0
1769,2022-07-30 20:56:40.682595,7568.0
1770,2022-07-30 20:56:44.852869,7835.0
1771,2022-07-30 20:56:47.106982,7011.0
1772,2022-07-30 20:57:00.934156,6026.0
1773,2022-07-30 20:57:06.448887,6069.0
1774,2022-07-30 20:57:08.639223,5946.0
1775,2022-07-30 20:57:12.744178,5714.0
1776,2022-07-30 20:57:14.806721,5825.0
1777,2022-07-30 20:57:19.798315,5998.0
1778,2022-07-30 20:57:23.130190,6446.0
1779,2022-07-30 20:57:26.327280,6388.0
1780,2022-07-30 20:57:47.622141,5867.0
1781,2022-07-30 20:57:55.695244,6432.0
1782,2022-07-30 20:58:00.132403,5676.0
1783,2022-07-30 20:58:08.351657,5711.0
1784,2022-07-30 20:58:12.905965,5840.0
1785,2022-07-30 20:58:19.693472,5742.0
1786,2022-07-30 20:58:22.682817,5657.0
1787,2022-07-30 20:58:24.810172,5923.0
1788,2022-07-30 20:58:28.586531,5688.0
1789,2022-07-30 20:58:34.599596,5965.0
1790,2022-07-30 20:58:42.582385,5978.0
1791,2022-07-30 20:58:46.771933,5966.0
1792,2022-07-30 20:58:48.947714,5795.0
1793,2022-07-30 20:58:58.873818,6209.0
1794,2022-07-30 20:59:01.177978,6218.0
1795,2022-07-30 20:59:06.203906,6256.0
1796,2022-07-30 20:59:17.318664,6356.0
1797,2022-07-30 20:59:22.989587,5957.0
1798,2022-07-30 20:59:29.804402,5868.0
1799,2022-07-30 20:59:31.917091,6003.0
1800,2022-07-30 20:59:34.052857,6240.0
1801,2022-07-30 20:59:36.835163,6292.0
1802,2022-07-30 20:59:37.872607,6294.0
1803,2022-07-30 20:59:39.933509,6097.0
1804,2022-07-30 20:59:42.034839,5521.0
1805,2022-07-30 20:59:43.052767,5622.0
1806,2022-07-30 20:59:45.682254,5975.0
1807,2022-07-30 20:59:54.742081,5996.0
1808,2022-07-30 20:59:59.938783,5929.0
1809,2022-07-30 21:00:02.966483,5527.0
1810,2022-07-30 21:00:06.365370,5646.0
1811,2022-07-30 21:00:08.448631,6204.0
1812,2022-07-30 21:00:10.341115,5845.0
1813,2022-07-30 21:00:16.716495,5770.0
1814,2022-07-30 21:00:18.824820,6308.0
1815,2022-07-30 21:00:22.097831,6035.0
1816,2022-07-30 21:00:25.185853,5557.0
1817,2022-07-30 21:00:27.276079,5984.0
1818,2022-07-30 21:00:30.418504,6005.0
1819,2022-07-30 21:00:33.383638,5718.0
1820,2022-07-30 21:00:41.262306,5614.0
1821,2022-07-30 21:00:47.939779,5531.0
1822,2022-07-30 21:00:50.046393,6029.0
1823,2022-07-30 21:00:51.975192,5524.0
1824,2022-07-30 21:01:05.146026,5607.0
1825,2022-07-30 21:01:07.223715,5520.0
1826,2022-07-30 21:01:10.376646,5652.0
1827,2022-07-30 21:01:16.292847,5706.0
1828,2022-07-30 21:01:18.487945,5925.0
1829,2022-07-30 21:01:20.625261,5728.0
1830,2022-07-30 21:01:23.620647,5975.0
1831,2022-07-30 21:01:26.708395,5783.0
1832,2022-07-30 21:01:29.429912,5704.0
1833,2022-07-30 21:01:34.231608,6346.0
1834,2022-07-30 21:01:46.525508,5988.0
1835,2022-07-30 21:01:48.872220,5710.0
1836,2022-07-30 21:01:51.981798,6252.0
1837,2022-07-30 21:01:54.047655,5864.0
1838,2022-07-30 21:01:56.165638,6167.0
1839,2022-07-30 21:01:58.282139,5756.0
1840,2022-07-30 21:02:01.258121,5827.0
1841,2022-07-30 21:02:03.238371,6346.0
1842,2022-07-30 21:02:06.207211,5817.0
1843,2022-07-30 21:02:08.336025,5910.0
1844,2022-07-30 21:02:09.416483,5963.0
1845,2022-07-30 21:02:15.469447,5930.0
1846,2022-07-30 21:02:20.852849,5737.0
1847,2022-07-30 21:02:23.776078,5980.0
1848,2022-07-30 21:02:24.842254,6336.0
1849,2022-07-30 21:02:26.943047,5918.0
1850,2022-07-30 21:02:30.360812,6008.0
1851,2022-07-30 21:02:34.883496,5918.0
1852,2022-07-30 21:02:38.383497,5647.0
1853,2022-07-30 21:02:42.221572,5532.0
1854,2022-07-30 21:02:47.007326,5979.0
1855,2022-07-30 21:02:49.307201,5788.0
1856,2022-07-30 21:02:56.237191,6377.0
1857,2022-07-30 21:03:03.668198,6210.0
1858,2022-07-30 21:03:05.636453,5960.0
1859,2022-07-30 21:03:08.758985,5820.0
1860,2022-07-30 21:03:13.490598,5879.0
1861,2022-07-30 21:03:15.768443,5951.0
1862,2022-07-30 21:03:18.700668,6589.0
1863,2022-07-30 21:03:27.965122,5726.0
1864,2022-07-30 21:03:30.081741,6051.0
1865,2022-07-30 21:03:33.026475,6488.0
1866,2022-07-30 21:03:34.940826,6353.0
1867,2022-07-30 21:03:43.204259,5882.0
1868,2022-07-30 21:03:47.421571,5877.0
1869,2022-07-30 21:03:49.729971,6069.0
1870,2022-07-30 21:03:53.151972,5710.0
1871,2022-07-30 21:03:55.527220,5745.0
1872,2022-07-30 21:03:56.574670,6537.0
1873,2022-07-30 21:04:03.727716,5895.0
1874,2022-07-30 21:04:05.873115,5827.0
1875,2022-07-30 21:04:07.957689,5872.0
1876,2022-07-30 21:04:10.087986,6554.0
1877,2022-07-30 21:04:28.240814,5889.0
1878,2022-07-30 21:04:45.599691,6668.0
1879,2022-07-30 21:04:47.663102,6367.0
1880,2022-07-30 21:04:52.283954,6200.0
1881,2022-07-30 21:04:55.683680,6152.0
1882,2022-07-30 21:05:11.152383,6554.0
1883,2022-07-30 21:05:13.608662,5996.0
1884,2022-07-30 21:05:14.716630,6665.0
1885,2022-07-30 21:05:20.214468,6582.0
1886,2022-07-30 21:05:23.138853,6585.0
1887,2022-07-30 21:05:27.329519,6589.0
1888,2022-07-30 21:05:32.976024,6725.0
1889,2022-07-30 21:05:34.041318,6394.0
1890,2022-07-30 21:05:42.941946,5823.0
1891,2022-07-30 21:05:49.614128,6009.0
1892,2022-07-30 21:05:52.881280,6256.0
1893,2022-07-30 21:06:02.262452,5852.0
1894,2022-07-30 21:06:04.203357,6038.0
1895,2022-07-30 21:06:09.509160,6247.0
1896,2022-07-30 21:06:15.792624,5842.0
1897,2022-07-30 21:06:20.527737,6487.0
1898,2022-07-30 21:06:27.909386,6299.0
1899,2022-07-30 21:06:39.790931,6082.0
1900,2022-07-30 21:06:45.031238,6646.0
1901,2022-07-30 21:06:50.186957,6577.0
1902,2022-07-30 21:06:52.097567,6280.0
1903,2022-07-30 21:06:57.127457,6613.0
1904,2022-07-30 21:07:02.246597,5924.0
1905,2022-07-30 21:07:05.373946,6333.0
1906,2022-07-30 21:07:15.601994,6711.0
1907,2022-07-30 21:07:20.675031,6056.0
1908,2022-07-30 21:07:23.708483,6410.0
1909,2022-07-30 21:07:29.092950,6723.0
1910,2022-07-30 21:07:56.315313,6222.0
1911,2022-07-30 21:07:59.256146,6066.0
1912,2022-07-30 21:08:02.294460,6387.0
1913,2022-07-30 21:08:05.418345,6356.0
1914,2022-07-30 21:08:08.421763,6771.0
1915,2022-07-30 21:08:28.919575,6015.0
1916,2022-07-30 21:08:32.057571,6137.0
1917,2022-07-30 21:08:43.592319,6954.0
1918,2022-07-30 21:08:45.698704,7504.0
1919,2022-07-30 21:08:48.656803,7181.0
1920,2022-07-30 21:08:51.586740,7093.0
1921,2022-07-30 21:08:58.919797,6861.0
1922,2022-07-30 21:09:06.255540,7279.0
1923,2022-07-30 21:09:16.041071,7890.0
1924,2022-07-30 21:09:19.059493,7022.0
1925,2022-07-30 21:09:26.562854,7891.0
1926,2022-07-30 21:09:29.674454,7043.0
1927,2022-07-30 21:09:33.266832,7673.0
1928,2022-07-30 21:09:42.202378,7189.0
1929,2022-07-30 21:09:46.517228,7520.0
1930,2022-07-30 21:09:53.866995,7852.0
1931,2022-07-30 21:09:58.750418,7703.0
1932,2022-07-30 21:10:23.502373,7116.0
1933,2022-07-30 21:10:26.358445,7507.0
1934,2022-07-30 21:10:28.426305,7825.0
1935,2022-07-30 21:10:34.405055,7351.0
1936,2022-07-30 21:10:37.488511,8122.0
1937,2022-07-30 21:10:40.286955,7482.0
1938,2022-07-30 21:10:42.113471,7634.0
1939,2022-07-30 21:10:48.704070,7847.0
1940,2022-07-30 21:10:51.766875,7940.0
1941,2022-07-30 21:10:54.628949,8192.0
1942,2022-07-30 21:11:01.671163,7801.0
1943,2022-07-30 21:11:03.775614,7310.0
1944,2022-07-30 21:11:04.794320,8114.0
1945,2022-07-30 21:11:06.934252,8178.0
1946,2022-07-30 21:11:08.934357,8005.0
1947,2022-07-30 21:11:14.167189,7830.0
1948,2022-07-30 21:11:17.487102,7307.0
1949,2022-07-30 21:11:19.605361,7606.0
1950,2022-07-30 21:11:21.728567,7780.0
1951,2022-07-30 21:11:25.998352,8214.0
1952,2022-07-30 21:11:28.283681,7683.0
1953,2022-07-30 21:11:34.799317,7767.0
1954,2022-07-30 21:11:42.146628,7496.0
1955,2022-07-30 21:11:44.181669,8071.0
1956,2022-07-30 21:11:49.368187,7543.0
1957,2022-07-30 21:11:54.175171,8280.0
1958,2022-07-30 21:11:57.527065,7899.0
1959,2022-07-30 21:12:03.836822,7612.0
1960,2022-07-30 21:12:06.059274,8232.0
1961,2022-07-30 21:12:08.226758,7665.0
1962,2022-07-30 21:12:10.526155,7501.0
1963,2022-07-30 21:12:13.351363,7701.0
1964,2022-07-30 21:12:16.888082,7507.0
1965,2022-07-30 21:12:19.230215,8281.0
1966,2022-07-30 21:12:34.971169,7637.0
1967,2022-07-30 21:12:37.684807,7999.0
1968,2022-07-30 21:12:42.314620,6260.0
1969,2022-07-30 21:12:46.071638,6789.0
1970,2022-07-30 21:12:48.751898,6812.0
1971,2022-07-30 21:12:54.027837,6408.0
1972,2022-07-30 21:12:55.278393,5923.0
1973,2022-07-30 21:12:57.796522,6325.0
1974,2022-07-30 21:13:01.807060,5969.0
1975,2022-07-30 21:13:10.790494,6109.0
1976,2022-07-30 21:13:13.052527,6386.0
1977,2022-07-30 21:13:24.519352,6200.0
1978,2022-07-30 21:13:33.491133,6407.0
1979,2022-07-30 21:13:37.445772,5981.0
1980,2022-07-30 21:13:39.719189,6238.0
1981,2022-07-30 21:14:05.360231,6191.0
1982,2022-07-30 21:14:09.118136,6099.0
1983,2022-07-30 21:14:13.390505,6362.0
1984,2022-07-30 21:14:21.069270,6262.0
1985,2022-07-30 21:14:27.225292,6010.0
1986,2022-07-30 21:14:46.987450,6034.0
1987,2022-07-30 21:14:49.096705,5744.0
1988,2022-07-30 21:14:53.944329,5832.0
1989,2022-07-30 21:14:56.259116,5760.0
1990,2022-07-30 21:14:58.345510,6059.0
1991,2022-07-30 21:15:01.997192,6402.0
1992,2022-07-30 21:15:04.112905,5954.0
1993,2022-07-30 21:15:08.726652,6196.0
1994,2022-07-30 21:15:15.432336,6215.0
1995,2022-07-30 21:15:18.702771,6223.0
1996,2022-07-30 21:15:24.561811,5790.0
1997,2022-07-30 21:15:25.962906,6297.0
1998,2022-07-30 21:15:28.260146,6224.0
1999,2022-07-30 21:15:30.378489,6113.0
2000,2022-07-30 21:15:34.310561,6259.0
2001,2022-07-30 21:15:35.362210,5977.0
2002,2022-07-30 21:15:51.470126,5817.0
2003,2022-07-30 21:15:53.557217,6156.0
2004,2022-07-30 21:15:55.472256,5957.0
2005,2022-07-30 21:16:11.792474,6306.0
2006,2022-07-30 21:16:12.844504,5868.0
2007,2022-07-30 21:16:20.544574,6460.0
2008,2022-07-30 21:16:25.709745,6512.0
2009,2022-07-30 21:16:38.286116,5924.0
2010,2022-07-30 21:16:39.344055,5860.0
2011,2022-07-30 21:16:41.420358,6286.0
2012,2022-07-30 21:16:48.514206,5483.0
2013,2022-07-30 21:16:52.534212,5801.0
2014,2022-07-30 21:17:07.819026,6093.0
2015,2022-07-30 21:17:28.803768,5664.0
2016,2022-07-30 21:17:29.898301,5698.0
2017,2022-07-30 21:17:32.575868,6099.0
2018,2022-07-30 21:17:37.248177,5606.0
2019,2022-07-30 21:17:41.023215,5859.0
2020,2022-07-30 21:17:42.057552,5947.0
2021,2022-07-30 21:18:09.544007,5636.0
2022,2022-07-30 21:18:10.590793,5213.0
2023,2022-07-30 21:18:15.443127,5099.0
2024,2022-07-30 21:18:17.762770,5680.0
2025,2022-07-30 21:18:24.728786,5201.0
2026,2022-07-30 21:18:34.930447,5223.0
2027,2022-07-30 21:18:41.843077,5334.0
2028,2022-07-30 21:18:45.883839,5210.0
2029,2022-07-30 21:18:50.861955,5147.0
2030,2022-07-30 21:18:52.933554,5676.0
2031,2022-07-30 21:19:11.610840,5178.0
2032,2022-07-30 21:19:24.865732,5093.0
2033,2022-07-30 21:19:31.989036,5461.0
2034,2022-07-30 21:19:36.524251,4969.0
2035,2022-07-30 21:19:42.262800,5271.0
2036,2022-07-30 21:19:44.567025,5267.0
2037,2022-07-30 21:19:50.510225,5372.0
2038,2022-07-30 21:19:53.389509,4942.0
2039,2022-07-30 21:19:55.527423,5185.0
2040,2022-07-30 21:20:18.762444,5383.0
2041,2022-07-30 21:20:23.530493,4835.0
2042,2022-07-30 21:20:27.279265,5384.0
2043,2022-07-30 21:20:28.323956,5502.0
2044,2022-07-30 21:20:31.919580,5038.0
2045,2022-07-30 21:20:47.505652,5315.0
2046,2022-07-30 21:21:08.116387,4629.0
2047,2022-07-30 21:21:10.401584,4959.0
2048,2022-07-30 21:21:11.447476,4723.0
2049,2022-07-30 21:21:18.030610,5296.0
2050,2022-07-30 21:21:20.561581,5014.0
2051,2022-07-30 21:21:28.149138,5271.0
2052,2022-07-30 21:21:34.909907,4976.0
2053,2022-07-30 21:21:46.230683,5344.0
2054,2022-07-30 21:21:51.634244,5132.0
2055,2022-07-30 21:21:53.944914,5105.0
2056,2022-07-30 21:21:56.059945,4653.0
2057,2022-07-30 21:22:02.487531,5066.0
2058,2022-07-30 21:22:40.064303,5051.0
2059,2022-07-30 21:22:42.207965,4834.0
2060,2022-07-30 21:22:52.557195,4568.0
2061,2022-07-30 21:23:04.531588,4822.0
2062,2022-07-30 21:24:04.925483,4589.0
2063,2022-07-30 21:24:18.707235,5019.0
2064,2022-07-30 21:24:22.662340,4431.0
2065,2022-07-30 21:24:28.826019,4567.0
2066,2022-07-30 21:24:33.518815,5106.0
2067,2022-07-30 21:24:37.767313,5087.0
2068,2022-07-30 21:24:53.418384,4497.0
2069,2022-07-30 21:24:58.643472,4430.0
2070,2022-07-30 21:25:00.951881,4711.0
2071,2022-07-30 21:25:25.535786,4695.0
2072,2022-07-30 21:25:38.228711,4966.0
2073,2022-07-30 21:25:48.069718,4683.0
2074,2022-07-30 21:26:04.324932,4771.0
2075,2022-07-30 21:26:08.815802,4608.0
2076,2022-07-30 21:26:13.943161,4961.0
2077,2022-07-30 21:26:28.786041,4881.0
2078,2022-07-30 21:26:30.865903,4485.0
2079,2022-07-30 21:26:33.137041,4851.0
2080,2022-07-30 21:26:35.426432,4740.0
2081,2022-07-30 21:26:52.497199,4771.0
2082,2022-07-30 21:26:54.805942,4405.0
2083,2022-07-30 21:27:16.973125,4611.0
2084,2022-07-30 21:27:20.406143,4804.0
2085,2022-07-30 21:27:22.662639,4806.0
2086,2022-07-30 21:27:27.672284,4736.0
2087,2022-07-30 21:27:36.187170,4471.0
2088,2022-07-30 21:27:54.841862,4239.0
2089,2022-07-30 21:28:12.945584,4876.0
2090,2022-07-30 21:28:17.701831,4692.0
2091,2022-07-30 21:28:25.093620,4534.0
2092,2022-07-30 21:28:29.694402,4232.0
2093,2022-07-30 21:28:37.340430,4287.0
2094,2022-07-30 21:28:39.602270,4455.0
2095,2022-07-30 21:28:49.238284,4874.0
2096,2022-07-30 21:29:24.336276,4601.0
2097,2022-07-30 21:29:46.072597,4398.0
2098,2022-07-30 21:29:47.164004,4549.0
2099,2022-07-30 21:29:57.914174,4538.0
2100,2022-07-30 21:30:09.474017,4209.0
2101,2022-07-30 21:30:15.568485,4185.0
2102,2022-07-30 21:30:19.019940,4351.0
2103,2022-07-30 21:31:44.588505,4200.0
2104,2022-07-30 21:32:55.386041,4312.0
2105,2022-07-30 21:33:44.129965,4011.0
2106,2022-07-30 21:33:58.395993,4192.0
2107,2022-07-30 21:33:59.350080,4036.0
2108,2022-07-30 21:34:01.387823,4314.0
2109,2022-07-30 21:34:03.629217,4295.0
2110,2022-07-30 21:34:06.967880,4554.0
2111,2022-07-30 21:34:09.046069,4211.0
2112,2022-07-30 21:34:11.100277,4314.0
2113,2022-07-30 21:34:13.297743,4276.0
2114,2022-07-30 21:34:15.304736,4501.0
2115,2022-07-30 21:34:17.496401,4558.0
2116,2022-07-30 21:34:19.687039,4372.0
2117,2022-07-30 21:34:21.937668,4039.0
2118,2022-07-30 21:34:29.545824,4255.0
2119,2022-07-30 21:39:53.038067,3064.0
2120,2022-07-30 21:41:00.406991,2957.0
